datetime,symbol,hour_open,hour_high,hour_low,hour_close,hour_volume,market_period,day_progress,hour_envelope_top,hour_envelope_bot,hour_pldot,hour_oneone_high,hour_oneone_low,hour_z1b,hour_z2b,hour_z5t,hour_z6t
2024-01-02 09:00:00,AAPL,191.52,191.52,189.8,189.95,78491,morning_session,0.0,191.69,189.63,-0.0082,191.61,189.71,0.37,2.83,2.27,1.81
2024-01-02 10:00:00,AAPL,190.0,190.24,189.7,189.76,29855,morning_session,0.08,190.29,189.65,-0.0013,190.27,189.67,0.15,0.86,0.67,0.57
2024-01-02 11:00:00,AAPL,189.68,189.68,188.8,188.94,121577,morning_session,0.23,189.77,188.71,-0.0039,189.72,188.76,0.35,1.33,0.96,0.92
2024-01-02 12:00:00,AAPL,189.02,189.65,188.4,188.4,174909,lunch_session,0.38,189.78,188.28,-0.0033,189.71,188.34,0.0,2.25,2.0,1.31
2024-01-02 13:00:00,AAPL,189.03,192.53,187.78,188.1,555948,lunch_session,0.54,193.0,187.3,-0.0049,192.77,187.54,0.8,7.97,6.58,4.99
2024-01-02 14:00:00,AAPL,188.1,188.54,186.01,186.52,15393752,afternoon_session,0.69,188.79,185.76,-0.0084,188.67,185.88,1.28,3.64,2.42,2.66
2024-01-02 15:00:00,AAPL,186.52,186.97,185.18,185.89,9900793,afternoon_session,0.85,187.15,185.01,-0.0034,187.06,185.1,1.76,1.94,0.6,1.87
2024-01-02 16:00:00,AAPL,185.88,187.35,185.87,186.74,7086716,market_close,1.0,187.5,185.72,0.0046,187.42,185.8,2.19,1.09,0.43,1.55
2024-01-02 17:00:00,AAPL,186.75,187.04,185.84,185.88,5834968,market_close,1.0,187.16,185.72,-0.0047,187.1,185.78,0.09,2.09,1.8,1.26
2024-01-02 18:00:00,AAPL,185.88,185.96,184.75,184.91,6236575,market_close,1.0,186.08,184.62,-0.0053,186.02,184.68,0.41,1.89,1.42,1.27
2024-01-02 19:00:00,AAPL,184.9,184.98,184.01,184.05,6678217,market_close,1.0,185.08,183.91,-0.0046,185.03,183.96,0.1,1.67,1.42,1.02
2024-01-02 20:00:00,AAPL,184.04,185.64,183.88,185.53,13963235,market_close,1.0,185.82,183.71,0.008,185.73,183.8,4.1,0.21,2.44,1.84
2024-01-02 21:00:00,AAPL,185.59,185.93,185.42,185.43,1832315,market_close,1.0,185.98,185.37,-0.0009,185.96,185.39,0.03,0.9,0.78,0.54
2024-01-02 22:00:00,AAPL,185.43,185.64,185.3,185.57,99100,market_close,1.0,185.67,185.27,0.0008,185.66,185.28,0.67,0.13,0.32,0.36
2024-01-02 23:00:00,AAPL,185.58,185.6,185.22,185.31,67003,market_close,1.0,185.64,185.18,-0.0015,185.62,185.2,0.22,0.53,0.33,0.4
2024-01-03 00:00:00,AAPL,185.31,185.31,185.15,185.2,53755,morning_session,0.0,185.33,185.13,-0.0006,185.32,185.14,0.12,0.2,0.1,0.17
2024-01-03 09:00:00,AAPL,185.0,185.0,184.72,184.72,27324,morning_session,0.0,185.03,184.69,-0.0015,185.01,184.71,0.0,0.5,0.45,0.29
2024-01-03 10:00:00,AAPL,184.67,184.83,184.67,184.73,17545,morning_session,0.08,184.85,184.65,0.0003,184.84,184.66,0.15,0.18,0.06,0.17
2024-01-03 11:00:00,AAPL,184.8,185.0,184.66,185.0,21380,morning_session,0.23,185.03,184.63,0.0011,185.02,184.64,0.85,0.0,0.54,0.36
2024-01-03 12:00:00,AAPL,184.95,184.99,184.31,184.31,89306,lunch_session,0.38,185.06,184.24,-0.0035,185.02,184.28,0.0,1.22,1.09,0.71
2024-01-03 13:00:00,AAPL,184.97,185.64,184.19,184.65,395721,lunch_session,0.54,185.78,184.04,-0.0018,185.71,184.12,1.15,1.78,0.85,1.52
2024-01-03 14:00:00,AAPL,184.68,185.88,183.5,184.77,9875277,afternoon_session,0.69,186.12,183.26,0.0005,186.0,183.38,3.18,2.0,0.26,2.5
2024-01-03 15:00:00,AAPL,184.77,185.29,183.45,183.86,9495059,afternoon_session,0.85,185.47,183.27,-0.0049,185.38,183.36,1.03,2.57,1.63,1.93
2024-01-03 16:00:00,AAPL,183.85,184.38,183.49,183.51,5895725,market_close,1.0,184.47,183.4,-0.0019,184.42,183.45,0.05,1.57,1.36,0.93
2024-01-03 17:00:00,AAPL,183.5,184.37,183.43,184.34,4413417,market_close,1.0,184.46,183.34,0.0045,184.42,183.38,2.26,0.06,1.39,0.99
2024-01-03 18:00:00,AAPL,184.33,184.56,184.18,184.37,3582685,market_close,1.0,184.6,184.14,0.0002,184.58,184.16,0.47,0.34,0.0,0.4
2024-01-03 19:00:00,AAPL,184.36,184.94,183.81,184.65,4970909,market_close,1.0,185.05,183.69,0.0016,185.0,183.75,2.11,0.52,0.89,1.19
2024-01-03 20:00:00,AAPL,184.65,184.71,183.75,184.24,7229853,market_close,1.0,184.81,183.65,-0.0022,184.76,183.7,1.23,0.85,0.03,1.01
2024-01-03 21:00:00,AAPL,184.25,184.33,184.03,184.2,3211070,market_close,1.0,184.36,184.0,-0.0003,184.35,184.02,0.42,0.23,0.06,0.32
2024-01-03 22:00:00,AAPL,184.18,184.25,184.02,184.13,80557,market_close,1.0,184.27,184.0,-0.0003,184.26,184.01,0.27,0.22,0.02,0.24
2024-01-03 23:00:00,AAPL,184.18,184.3,184.17,184.29,25218,market_close,1.0,184.31,184.16,0.0006,184.31,184.16,0.3,0.02,0.18,0.14
2024-01-04 00:00:00,AAPL,184.2,184.3,184.0,184.3,25101,morning_session,0.0,184.33,183.97,0.0005,184.32,183.98,0.75,0.0,0.48,0.32
2024-01-04 09:00:00,AAPL,183.3,183.3,182.7,183.09,83330,morning_session,0.0,183.36,182.64,-0.0011,183.33,182.67,0.98,0.38,0.29,0.63
2024-01-04 10:00:00,AAPL,183.01,183.08,182.55,182.75,29016,morning_session,0.08,183.13,182.5,-0.0014,183.11,182.52,0.5,0.59,0.21,0.56
2024-01-04 11:00:00,AAPL,182.77,183.14,182.67,182.67,31923,morning_session,0.23,183.19,182.62,-0.0005,183.16,182.65,0.0,0.85,0.75,0.49
2024-01-04 12:00:00,AAPL,182.75,183.25,182.66,182.66,107082,lunch_session,0.38,183.31,182.6,-0.0005,183.28,182.63,0.0,1.06,0.94,0.62
2024-01-04 13:00:00,AAPL,182.83,184.94,181.88,181.98,680444,lunch_session,0.54,185.25,181.57,-0.0046,185.09,181.73,0.25,5.33,4.58,3.21
2024-01-04 14:00:00,AAPL,181.96,183.09,181.23,181.48,9679434,afternoon_session,0.69,183.27,181.04,-0.0026,183.18,181.13,0.63,2.89,2.17,1.95
2024-01-04 15:00:00,AAPL,181.48,182.14,180.88,181.49,11622553,afternoon_session,0.85,182.27,180.75,0.0001,182.21,180.82,1.53,1.18,0.07,1.33
2024-01-04 16:00:00,AAPL,181.49,182.44,181.32,181.44,8353402,market_close,1.0,182.55,181.21,-0.0003,182.5,181.26,0.3,1.8,1.41,1.18
2024-01-04 17:00:00,AAPL,181.44,182.39,181.43,182.24,5420583,market_close,1.0,182.49,181.33,0.0044,182.44,181.38,2.01,0.28,1.04,1.01
2024-01-04 18:00:00,AAPL,182.23,183.07,182.17,182.75,4744298,market_close,1.0,183.16,182.08,0.0029,183.11,182.12,1.45,0.58,0.42,0.95
2024-01-04 19:00:00,AAPL,182.75,182.96,182.26,182.3,5245891,market_close,1.0,183.03,182.2,-0.0025,182.99,182.23,0.09,1.19,1.0,0.73
2024-01-04 20:00:00,AAPL,182.31,182.55,181.43,181.92,10503105,market_close,1.0,182.66,181.32,-0.0021,182.61,181.37,1.22,1.13,0.22,1.18
2024-01-04 21:00:00,AAPL,181.91,182.09,181.64,181.83,1576430,market_close,1.0,182.13,181.6,-0.0004,182.11,181.62,0.48,0.47,0.11,0.47
2024-01-04 22:00:00,AAPL,181.82,181.91,181.69,181.9,43360,market_close,1.0,181.93,181.67,0.0004,181.92,181.68,0.53,0.02,0.32,0.23
2024-01-04 23:00:00,AAPL,181.91,182.1,181.86,181.88,35538,market_close,1.0,182.12,181.84,-0.0002,182.11,181.85,0.05,0.4,0.32,0.25
2024-01-05 00:00:00,AAPL,181.88,181.99,181.83,181.91,29356,morning_session,0.0,182.01,181.81,0.0002,182.0,181.82,0.2,0.14,0.0,0.17
2024-01-05 09:00:00,AAPL,181.79,181.79,180.8,180.8,40599,morning_session,0.0,181.89,180.7,-0.0054,181.84,180.75,0.0,1.78,1.58,1.04
2024-01-05 10:00:00,AAPL,180.71,180.8,180.45,180.6,27387,morning_session,0.08,180.84,180.42,-0.0006,180.82,180.43,0.38,0.36,0.08,0.37
2024-01-05 11:00:00,AAPL,180.63,180.75,180.2,180.75,42950,morning_session,0.23,180.8,180.14,0.0007,180.78,180.17,1.38,0.0,0.88,0.58
2024-01-05 12:00:00,AAPL,180.72,181.06,180.55,180.55,83470,lunch_session,0.38,181.11,180.5,-0.0009,181.09,180.52,0.0,0.92,0.82,0.54
2024-01-05 13:00:00,AAPL,181.01,181.92,180.18,181.13,1181517,lunch_session,0.54,182.09,180.01,0.0007,182.01,180.09,2.37,1.42,0.26,1.83
2024-01-05 14:00:00,AAPL,181.14,182.76,181.14,181.69,7459840,afternoon_session,0.69,182.92,180.98,0.003,182.84,181.06,1.38,1.93,0.83,1.7
2024-01-05 15:00:00,AAPL,181.71,182.65,181.7,182.65,7303835,afternoon_session,0.85,182.74,181.6,0.0052,182.7,181.65,2.38,0.0,1.52,1.0
2024-01-05 16:00:00,AAPL,182.66,182.74,181.91,182.1,4312357,market_close,1.0,182.82,181.83,-0.0031,182.78,181.87,0.48,1.15,0.71,0.87
2024-01-05 17:00:00,AAPL,182.11,182.22,181.28,181.59,4806286,market_close,1.0,182.31,181.19,-0.0029,182.27,181.23,0.78,1.13,0.51,0.99
2024-01-05 18:00:00,AAPL,181.59,182.23,181.21,182.03,4442324,market_close,1.0,182.33,181.11,0.0024,182.28,181.16,2.06,0.35,1.01,1.07
2024-01-05 19:00:00,AAPL,182.03,182.18,180.42,180.49,11723734,market_close,1.0,182.36,180.24,-0.0085,182.27,180.33,0.16,3.05,2.61,1.85
2024-01-05 20:00:00,AAPL,180.49,181.26,180.17,181.18,10676892,market_close,1.0,181.37,180.06,0.0038,181.31,180.12,2.53,0.14,1.49,1.14
2024-01-05 21:00:00,AAPL,181.16,181.27,180.76,180.87,1331126,market_close,1.0,181.32,180.71,-0.0016,181.3,180.73,0.28,0.72,0.46,0.54
2024-01-05 22:00:00,AAPL,180.86,181.18,180.86,181.03,44650,market_close,1.0,181.21,180.83,0.0009,181.2,180.84,0.42,0.27,0.03,0.34
2024-01-05 23:00:00,AAPL,181.05,181.06,180.8,180.83,41281,market_close,1.0,181.08,180.77,-0.0012,181.07,180.79,0.08,0.41,0.31,0.27
2024-01-06 00:00:00,AAPL,180.89,180.9,180.74,180.78,37141,morning_session,0.0,180.92,180.72,-0.0006,180.91,180.73,0.1,0.22,0.13,0.17
2024-01-08 09:00:00,AAPL,180.81,180.81,179.96,180.55,63294,morning_session,0.0,180.9,179.88,-0.0014,180.85,179.92,1.48,0.47,0.53,0.89
2024-01-08 10:00:00,AAPL,180.59,180.73,180.22,180.43,34304,morning_session,0.08,180.78,180.17,-0.0009,180.76,180.19,0.53,0.54,0.14,0.54
2024-01-08 11:00:00,AAPL,180.4,181.64,180.34,181.64,63783,morning_session,0.23,181.77,180.21,0.0069,181.7,180.28,3.25,0.0,2.08,1.37
2024-01-08 12:00:00,AAPL,181.62,181.91,180.85,181.91,128178,lunch_session,0.38,182.02,180.74,0.0016,181.96,180.8,2.65,0.0,1.7,1.11
2024-01-08 13:00:00,AAPL,181.15,181.9,179.68,181.37,241101,lunch_session,0.54,182.12,179.46,0.0012,182.01,179.57,4.22,0.95,1.86,2.33
2024-01-08 14:00:00,AAPL,181.4,183.5,181.4,183.41,8635286,afternoon_session,0.69,183.72,181.19,0.0111,183.61,181.29,5.04,0.16,3.08,2.21
2024-01-08 15:00:00,AAPL,183.41,183.88,183.3,183.59,6711964,afternoon_session,0.85,183.94,183.24,0.001,183.91,183.27,0.71,0.54,0.02,0.61
2024-01-08 16:00:00,AAPL,183.59,183.85,183.21,183.84,5036898,market_close,1.0,183.91,183.15,0.0013,183.88,183.18,1.56,0.03,0.98,0.67
2024-01-08 17:00:00,AAPL,183.84,184.57,183.83,184.25,5919991,market_close,1.0,184.64,183.76,0.0023,184.61,183.79,1.06,0.57,0.17,0.78
2024-01-08 18:00:00,AAPL,184.25,184.72,184.01,184.71,3206067,market_close,1.0,184.79,183.94,0.0025,184.76,183.97,1.75,0.02,1.1,0.75
2024-01-08 19:00:00,AAPL,184.72,185.32,184.55,185.17,4651341,market_close,1.0,185.4,184.47,0.0024,185.36,184.51,1.55,0.27,0.75,0.81
2024-01-08 20:00:00,AAPL,185.18,185.6,184.91,185.55,9508392,market_close,1.0,185.67,184.84,0.002,185.63,184.88,1.6,0.09,0.94,0.72
2024-01-08 21:00:00,AAPL,185.56,185.59,185.31,185.46,1269486,market_close,1.0,185.62,185.28,-0.0005,185.6,185.3,0.38,0.23,0.03,0.29
2024-01-08 22:00:00,AAPL,185.44,185.56,185.2,185.25,662755,market_close,1.0,185.6,185.16,-0.001,185.58,185.18,0.13,0.56,0.42,0.38
2024-01-08 23:00:00,AAPL,185.25,185.35,185.15,185.34,24211,market_close,1.0,185.37,185.13,0.0005,185.36,185.14,0.47,0.02,0.29,0.21
2024-01-09 00:00:00,AAPL,185.31,185.39,185.08,185.22,34409,morning_session,0.0,185.42,185.05,-0.0005,185.41,185.06,0.35,0.31,0.05,0.33
2024-01-09 09:00:00,AAPL,185.34,185.34,184.85,185.09,34701,morning_session,0.0,185.39,184.8,-0.0013,185.36,184.83,0.6,0.45,0.02,0.51
2024-01-09 10:00:00,AAPL,185.1,185.1,184.98,185.01,13964,morning_session,0.08,185.11,184.97,-0.0005,185.11,184.97,0.08,0.16,0.1,0.13
2024-01-09 11:00:00,AAPL,185.0,185.0,184.71,184.72,10903,morning_session,0.23,185.03,184.68,-0.0015,185.01,184.7,0.02,0.5,0.43,0.3
2024-01-09 12:00:00,AAPL,184.76,184.8,184.16,184.55,85357,lunch_session,0.38,184.86,184.1,-0.0011,184.83,184.13,0.98,0.45,0.22,0.67
2024-01-09 13:00:00,AAPL,184.8,186.43,183.7,183.84,504028,lunch_session,0.54,186.7,183.43,-0.0052,186.57,183.56,0.34,4.67,3.94,2.87
2024-01-09 14:00:00,AAPL,183.87,184.23,182.73,183.27,6457655,afternoon_session,0.69,184.38,182.58,-0.0033,184.3,182.66,1.35,1.73,0.67,1.58
2024-01-09 15:00:00,AAPL,183.25,183.98,182.97,183.49,5569128,afternoon_session,0.85,184.08,182.87,0.0013,184.03,182.92,1.31,0.88,0.06,1.06
2024-01-09 16:00:00,AAPL,183.49,184.8,183.49,184.79,4733332,market_close,1.0,184.93,183.36,0.0071,184.87,183.42,3.25,0.02,2.06,1.38
2024-01-09 17:00:00,AAPL,184.79,184.83,184.38,184.72,2865632,market_close,1.0,184.88,184.33,-0.0004,184.85,184.35,0.86,0.2,0.38,0.48
2024-01-09 18:00:00,AAPL,184.72,184.92,184.04,184.48,3348350,market_close,1.0,185.01,183.95,-0.0013,184.96,184.0,1.1,0.79,0.0,0.92
2024-01-09 19:00:00,AAPL,184.49,184.69,184.22,184.61,2927416,market_close,1.0,184.73,184.17,0.0007,184.71,184.19,0.99,0.13,0.51,0.49
2024-01-09 20:00:00,AAPL,184.62,185.15,184.41,185.13,8233647,market_close,1.0,185.22,184.34,0.0028,185.19,184.37,1.8,0.04,1.12,0.78
2024-01-09 21:00:00,AAPL,185.14,185.56,185.03,185.23,830862,market_close,1.0,185.61,184.98,0.0005,185.59,185.0,0.5,0.59,0.21,0.56
2024-01-09 22:00:00,AAPL,185.2,185.28,185.2,185.23,20796,market_close,1.0,185.29,185.19,0.0002,185.28,185.2,0.08,0.09,0.03,0.08
2024-01-09 23:00:00,AAPL,185.23,185.48,185.15,185.48,18154,market_close,1.0,185.51,185.12,0.0013,185.5,185.13,0.82,0.0,0.53,0.35
2024-01-10 00:00:00,AAPL,185.47,185.5,185.33,185.41,23427,morning_session,0.0,185.52,185.31,-0.0003,185.51,185.32,0.2,0.16,0.02,0.18
2024-01-10 09:00:00,AAPL,184.88,185.35,184.8,185.3,37105,morning_session,0.0,185.4,184.74,0.0023,185.38,184.77,1.25,0.09,0.72,0.58
2024-01-10 10:00:00,AAPL,185.28,185.35,185.2,185.35,22610,morning_session,0.08,185.36,185.18,0.0004,185.36,185.19,0.38,0.0,0.24,0.16
2024-01-10 11:00:00,AAPL,185.41,185.41,184.71,184.88,37209,morning_session,0.23,185.48,184.64,-0.0029,185.44,184.68,0.42,0.95,0.58,0.73
2024-01-10 12:00:00,AAPL,184.88,185.14,184.69,184.7,71603,lunch_session,0.38,185.18,184.64,-0.001,185.16,184.67,0.02,0.79,0.69,0.47
2024-01-10 13:00:00,AAPL,184.95,185.55,184.26,184.37,208383,lunch_session,0.54,185.68,184.13,-0.0031,185.61,184.2,0.28,2.12,1.71,1.35
2024-01-10 14:00:00,AAPL,184.4,184.96,183.97,184.26,5262317,afternoon_session,0.69,185.06,183.87,-0.0007,185.01,183.92,0.74,1.25,0.64,1.04
2024-01-10 15:00:00,AAPL,184.26,184.8,183.92,184.77,5306064,afternoon_session,0.85,184.89,183.83,0.0028,184.84,183.88,2.13,0.05,1.32,0.92
2024-01-10 16:00:00,AAPL,184.78,185.01,184.05,184.27,4763296,market_close,1.0,185.11,183.95,-0.0028,185.06,184.0,0.55,1.33,0.83,1.01
2024-01-10 17:00:00,AAPL,184.29,184.4,184.08,184.32,2641632,market_close,1.0,184.43,184.05,0.0002,184.41,184.06,0.6,0.14,0.26,0.33
2024-01-10 18:00:00,AAPL,184.32,184.85,184.13,184.78,3104236,market_close,1.0,184.92,184.06,0.0025,184.89,184.09,1.63,0.13,0.93,0.76
2024-01-10 19:00:00,AAPL,184.79,186.13,184.77,186.12,6779495,market_close,1.0,186.27,184.63,0.0072,186.2,184.7,3.37,0.02,2.14,1.43
2024-01-10 20:00:00,AAPL,186.12,186.4,185.27,186.15,9285881,market_close,1.0,186.51,185.16,0.0002,186.46,185.21,2.2,0.45,1.01,1.19
2024-01-10 21:00:00,AAPL,186.14,186.73,186.13,186.68,966717,market_close,1.0,186.79,186.07,0.0029,186.76,186.1,1.38,0.09,0.8,0.63
2024-01-10 22:00:00,AAPL,186.68,186.78,186.19,186.61,103518,market_close,1.0,186.84,186.13,-0.0004,186.81,186.16,1.05,0.31,0.4,0.62
2024-01-10 23:00:00,AAPL,186.6,186.65,186.5,186.6,34108,market_close,1.0,186.67,186.48,0.0,186.66,186.49,0.25,0.09,0.08,0.16
2024-01-11 00:00:00,AAPL,186.59,186.7,186.4,186.7,34019,morning_session,0.0,186.73,186.37,0.0006,186.71,186.39,0.75,0.0,0.48,0.32
2024-01-11 09:00:00,AAPL,187.0,187.16,186.81,186.91,33992,morning_session,0.0,187.2,186.78,-0.0005,187.18,186.79,0.25,0.45,0.24,0.37
2024-01-11 10:00:00,AAPL,187.0,187.13,187.0,187.04,12247,morning_session,0.08,187.14,186.99,0.0002,187.14,186.99,0.1,0.16,0.08,0.14
2024-01-11 11:00:00,AAPL,187.15,187.42,187.13,187.2,14677,morning_session,0.23,187.45,187.1,0.0003,187.43,187.12,0.17,0.4,0.24,0.3
2024-01-11 12:00:00,AAPL,187.18,187.27,186.95,186.95,64757,lunch_session,0.38,187.3,186.92,-0.0012,187.29,186.93,0.0,0.58,0.51,0.34
2024-01-11 13:00:00,AAPL,187.24,187.25,185.58,185.64,433523,lunch_session,0.54,187.42,185.41,-0.0085,187.33,185.5,0.15,2.9,2.48,1.75
2024-01-11 14:00:00,AAPL,185.65,187.05,184.6,184.72,7527775,afternoon_session,0.69,187.3,184.36,-0.005,187.17,184.48,0.3,4.19,3.54,2.57
2024-01-11 15:00:00,AAPL,184.74,184.88,183.62,184.68,8214461,afternoon_session,0.85,185.01,183.49,-0.0003,184.94,183.56,2.65,0.36,1.38,1.32
2024-01-11 16:00:00,AAPL,184.67,184.87,183.84,183.94,4980265,market_close,1.0,184.97,183.73,-0.004,184.92,183.78,0.26,1.67,1.32,1.09
2024-01-11 17:00:00,AAPL,183.95,184.59,183.91,184.32,3823003,market_close,1.0,184.65,183.84,0.002,184.62,183.88,1.02,0.48,0.23,0.71
2024-01-11 18:00:00,AAPL,184.32,185.17,184.25,185.15,3540667,market_close,1.0,185.26,184.16,0.0045,185.22,184.21,2.24,0.03,1.41,0.96
2024-01-11 19:00:00,AAPL,185.16,185.7,184.99,185.54,4047615,market_close,1.0,185.77,184.92,0.0021,185.74,184.95,1.37,0.29,0.62,0.75
2024-01-11 20:00:00,AAPL,185.54,185.77,184.75,185.58,7543209,market_close,1.0,185.87,184.65,0.0002,185.82,184.7,2.06,0.34,1.02,1.07
2024-01-11 21:00:00,AAPL,185.59,185.92,185.59,185.66,806579,market_close,1.0,185.95,185.56,0.0004,185.94,185.57,0.17,0.47,0.3,0.35
2024-01-11 22:00:00,AAPL,185.66,185.75,185.59,185.72,58943,market_close,1.0,185.77,185.57,0.0003,185.76,185.58,0.32,0.05,0.16,0.17
2024-01-11 23:00:00,AAPL,185.63,185.68,185.3,185.59,31520,market_close,1.0,185.72,185.26,-0.0002,185.7,185.28,0.72,0.16,0.32,0.4
2024-01-12 00:00:00,AAPL,185.4,185.69,185.35,185.4,26746,morning_session,0.0,185.72,185.32,0.0,185.71,185.33,0.13,0.52,0.38,0.36
2024-01-12 09:00:00,AAPL,185.27,185.8,185.27,185.55,26785,morning_session,0.0,185.85,185.22,0.0015,185.83,185.24,0.7,0.45,0.05,0.56
2024-01-12 10:00:00,AAPL,185.51,185.61,185.11,185.26,9464,morning_session,0.08,185.66,185.06,-0.0013,185.64,185.08,0.37,0.63,0.32,0.52
2024-01-12 11:00:00,AAPL,185.25,185.26,184.5,184.75,32372,morning_session,0.23,185.34,184.42,-0.0027,185.3,184.46,0.62,0.92,0.42,0.8
2024-01-12 12:00:00,AAPL,184.75,185.3,184.65,185.15,62209,lunch_session,0.38,185.36,184.58,0.0022,185.33,184.62,1.25,0.27,0.56,0.68
2024-01-12 13:00:00,AAPL,184.82,185.73,184.75,185.49,176211,lunch_session,0.54,185.83,184.65,0.0036,185.78,184.7,1.85,0.43,0.8,1.03
2024-01-12 14:00:00,AAPL,185.45,186.74,185.4,185.75,5021423,afternoon_session,0.69,186.87,185.27,0.0016,186.81,185.33,0.87,1.78,1.02,1.41
2024-01-12 15:00:00,AAPL,185.77,186.31,185.19,185.69,5500178,afternoon_session,0.85,186.42,185.08,-0.0004,186.36,185.13,1.26,1.1,0.17,1.17
2024-01-12 16:00:00,AAPL,185.71,186.06,185.39,185.57,4216168,market_close,1.0,186.13,185.32,-0.0007,186.09,185.36,0.46,0.88,0.49,0.7
2024-01-12 17:00:00,AAPL,185.57,185.85,185.43,185.62,2646523,market_close,1.0,185.89,185.39,0.0003,185.87,185.41,0.48,0.41,0.06,0.44
2024-01-12 18:00:00,AAPL,185.63,185.94,185.58,185.89,2320052,market_close,1.0,185.98,185.54,0.0014,185.96,185.56,0.77,0.09,0.42,0.38
2024-01-12 19:00:00,AAPL,185.9,186.07,185.26,185.31,3648574,market_close,1.0,186.15,185.18,-0.0031,186.11,185.22,0.14,1.35,1.12,0.85
2024-01-12 20:00:00,AAPL,185.31,185.98,185.22,185.92,6578518,market_close,1.0,186.06,185.14,0.0033,186.02,185.18,1.75,0.11,1.02,0.8
2024-01-12 21:00:00,AAPL,185.92,185.99,185.74,185.85,1037881,market_close,1.0,186.02,185.71,-0.0004,186.0,185.72,0.28,0.25,0.04,0.27
2024-01-12 22:00:00,AAPL,185.82,185.92,185.64,185.8,214210,market_close,1.0,185.95,185.61,-0.0001,185.93,185.63,0.4,0.22,0.06,0.29
2024-01-12 23:00:00,AAPL,185.8,185.8,185.66,185.66,6701,market_close,1.0,185.81,185.65,-0.0008,185.81,185.65,0.0,0.25,0.22,0.15
2024-01-13 00:00:00,AAPL,185.7,185.7,185.59,185.63,24348,morning_session,0.0,185.71,185.58,-0.0004,185.71,185.58,0.1,0.13,0.05,0.12
2024-01-16 09:00:00,AAPL,183.53,184.38,182.76,183.0,79970,morning_session,0.0,184.54,182.6,-0.0029,184.46,182.68,0.6,2.48,1.82,1.7
2024-01-16 10:00:00,AAPL,183.06,183.12,182.56,182.56,27417,morning_session,0.08,183.18,182.5,-0.0027,183.15,182.53,0.0,1.01,0.9,0.59
2024-01-16 11:00:00,AAPL,182.6,182.94,182.6,182.85,38436,morning_session,0.23,182.97,182.57,0.0014,182.96,182.58,0.62,0.16,0.26,0.36
2024-01-16 12:00:00,AAPL,182.89,183.45,182.8,183.05,172220,lunch_session,0.38,183.52,182.74,0.0009,183.48,182.77,0.62,0.72,0.24,0.68
2024-01-16 13:00:00,AAPL,182.9,185.0,182.39,182.46,662211,lunch_session,0.54,185.26,182.13,-0.0024,185.13,182.26,0.18,4.57,3.95,2.74
2024-01-16 14:00:00,AAPL,182.48,182.66,180.93,181.34,10039552,afternoon_session,0.69,182.83,180.76,-0.0062,182.75,180.85,1.02,2.38,1.46,1.81
2024-01-16 15:00:00,AAPL,181.36,183.9,181.03,183.78,11776081,afternoon_session,0.85,184.19,180.74,0.0133,184.04,180.89,6.88,0.22,4.21,3.01
2024-01-16 16:00:00,AAPL,183.78,184.26,182.77,182.9,7922631,market_close,1.0,184.41,182.62,-0.0048,184.33,182.7,0.32,2.45,1.97,1.56
2024-01-16 17:00:00,AAPL,182.89,182.95,182.22,182.25,4865097,market_close,1.0,183.02,182.15,-0.0035,182.99,182.18,0.09,1.25,1.06,0.77
2024-01-16 18:00:00,AAPL,182.26,182.95,182.21,182.4,5583814,market_close,1.0,183.02,182.14,0.0007,182.99,182.17,0.46,1.0,0.59,0.78
2024-01-16 19:00:00,AAPL,182.4,182.94,182.14,182.9,4911291,market_close,1.0,183.02,182.06,0.0027,182.98,182.1,1.9,0.07,1.15,0.84
2024-01-16 20:00:00,AAPL,182.9,183.63,182.84,183.61,7029608,market_close,1.0,183.71,182.76,0.0039,183.67,182.8,1.94,0.04,1.21,0.83
2024-01-16 21:00:00,AAPL,183.63,183.69,183.37,183.46,1464900,market_close,1.0,183.72,183.34,-0.0009,183.71,183.35,0.23,0.41,0.22,0.34
2024-01-16 22:00:00,AAPL,183.43,183.63,183.14,183.25,85567,market_close,1.0,183.68,183.09,-0.001,183.65,183.12,0.28,0.68,0.43,0.51
2024-01-16 23:00:00,AAPL,183.29,183.33,183.12,183.2,18202,market_close,1.0,183.35,183.1,-0.0005,183.34,183.11,0.2,0.23,0.08,0.22
2024-01-17 00:00:00,AAPL,183.15,183.35,183.0,183.04,21759,morning_session,0.0,183.38,182.96,-0.0006,183.37,182.98,0.1,0.56,0.43,0.37
2024-01-17 09:00:00,AAPL,182.6,182.6,181.48,181.9,39251,morning_session,0.0,182.71,181.37,-0.0038,182.66,181.42,1.05,1.26,0.45,1.18
2024-01-17 10:00:00,AAPL,181.93,181.96,181.67,181.67,28937,morning_session,0.08,181.99,181.64,-0.0014,181.97,181.66,0.0,0.52,0.46,0.3
2024-01-17 11:00:00,AAPL,181.7,182.2,181.7,182.2,19454,morning_session,0.23,182.25,181.65,0.0028,182.22,181.68,1.25,0.0,0.8,0.52
2024-01-17 12:00:00,AAPL,182.19,182.5,182.0,182.25,74490,lunch_session,0.38,182.55,181.95,0.0003,182.52,181.98,0.62,0.45,0.0,0.52
2024-01-17 13:00:00,AAPL,182.29,183.63,181.2,181.33,422245,lunch_session,0.54,183.87,180.96,-0.0053,183.75,181.08,0.33,4.14,3.47,2.55
2024-01-17 14:00:00,AAPL,181.31,181.65,180.3,181.26,7961392,afternoon_session,0.69,181.78,180.17,-0.0003,181.72,180.23,2.4,0.7,0.91,1.42
2024-01-17 15:00:00,AAPL,181.24,181.85,181.19,181.5,6884146,afternoon_session,0.85,181.92,181.12,0.0014,181.88,181.16,0.77,0.63,0.06,0.69
2024-01-17 16:00:00,AAPL,181.5,182.06,181.49,181.73,5015752,market_close,1.0,182.12,181.43,0.0013,182.09,181.46,0.61,0.6,0.14,0.61
2024-01-17 17:00:00,AAPL,181.74,182.33,181.74,182.24,3659950,market_close,1.0,182.39,181.68,0.0028,182.36,181.71,1.25,0.16,0.66,0.62
2024-01-17 18:00:00,AAPL,182.23,182.53,181.37,182.09,5466004,market_close,1.0,182.65,181.25,-0.0008,182.59,181.31,1.79,0.81,0.42,1.22
2024-01-17 19:00:00,AAPL,182.09,182.68,182.0,182.19,4519663,market_close,1.0,182.75,181.93,0.0006,182.71,181.97,0.48,0.87,0.47,0.71
2024-01-17 20:00:00,AAPL,182.2,182.93,182.05,182.66,6486110,market_close,1.0,183.02,181.96,0.0025,182.97,182.01,1.52,0.49,0.54,0.92
2024-01-17 21:00:00,AAPL,182.68,182.71,182.51,182.58,1252959,market_close,1.0,182.73,182.49,-0.0005,182.72,182.5,0.18,0.23,0.1,0.21
2024-01-17 22:00:00,AAPL,182.54,182.54,182.21,182.4,27904,market_close,1.0,182.57,182.18,-0.0008,182.56,182.19,0.47,0.25,0.08,0.35
2024-01-17 23:00:00,AAPL,182.45,182.5,182.3,182.45,24768,market_close,1.0,182.52,182.28,0.0,182.51,182.29,0.37,0.09,0.16,0.21
2024-01-18 00:00:00,AAPL,182.41,182.5,182.24,182.47,19521,morning_session,0.0,182.53,182.21,0.0003,182.51,182.23,0.57,0.05,0.32,0.27
2024-01-18 09:00:00,AAPL,182.55,182.83,182.2,182.2,30230,morning_session,0.0,182.89,182.14,-0.0019,182.86,182.17,0.0,1.13,1.01,0.66
2024-01-18 10:00:00,AAPL,182.3,182.55,182.11,182.55,12978,morning_session,0.08,182.59,182.07,0.0014,182.57,182.09,1.1,0.0,0.7,0.46
2024-01-18 11:00:00,AAPL,182.55,186.15,182.55,185.92,319842,morning_session,0.23,186.51,182.19,0.0185,186.33,182.37,8.42,0.41,5.02,3.78
2024-01-18 12:00:00,AAPL,185.81,187.25,185.52,186.9,455279,lunch_session,0.38,187.42,185.35,0.0059,187.34,185.43,3.45,0.63,1.65,1.82
2024-01-18 13:00:00,AAPL,185.79,187.25,182.04,185.86,792565,lunch_session,0.54,187.77,181.52,0.0004,187.51,181.78,9.55,2.5,3.89,5.47
2024-01-18 14:00:00,AAPL,185.91,187.65,185.83,187.37,12604736,afternoon_session,0.69,187.83,185.65,0.0079,187.74,185.74,3.85,0.5,2.02,1.91
2024-01-18 15:00:00,AAPL,187.36,188.16,186.59,188.09,11357926,afternoon_session,0.85,188.32,186.44,0.0039,188.24,186.52,3.73,0.13,2.27,1.64
2024-01-18 16:00:00,AAPL,188.09,188.96,187.56,188.47,10200601,market_close,1.0,189.1,187.42,0.002,189.03,187.49,2.28,0.88,0.68,1.47
2024-01-18 17:00:00,AAPL,188.49,188.53,187.5,187.85,6506433,market_close,1.0,188.63,187.4,-0.0034,188.58,187.45,0.87,1.22,0.53,1.08
2024-01-18 18:00:00,AAPL,187.85,188.26,186.75,188.16,6694677,market_close,1.0,188.41,186.6,0.0017,188.34,186.67,3.52,0.18,2.1,1.59
2024-01-18 19:00:00,AAPL,188.17,189.14,188.16,188.97,7117889,market_close,1.0,189.24,188.06,0.0043,189.19,188.11,2.04,0.3,1.04,1.03
2024-01-18 20:00:00,AAPL,188.98,189.13,188.51,188.73,10150099,market_close,1.0,189.19,188.45,-0.0013,189.16,188.48,0.55,0.72,0.29,0.65
2024-01-18 21:00:00,AAPL,188.63,188.97,188.46,188.5,3075500,market_close,1.0,189.02,188.41,-0.0007,189.0,188.43,0.1,0.85,0.69,0.54
2024-01-18 22:00:00,AAPL,188.48,188.63,187.75,188.2,205072,market_close,1.0,188.72,187.66,-0.0015,188.67,187.71,1.12,0.77,0.03,0.92
2024-01-18 23:00:00,AAPL,188.22,188.6,188.15,188.6,65854,market_close,1.0,188.64,188.1,0.002,188.62,188.13,1.12,0.0,0.72,0.47
2024-01-19 00:00:00,AAPL,188.6,188.69,188.4,188.69,37606,morning_session,0.0,188.72,188.37,0.0005,188.7,188.39,0.72,0.0,0.46,0.3
2024-01-19 09:00:00,AAPL,188.89,189.95,188.89,189.45,78933,morning_session,0.0,190.06,188.78,0.003,190.0,188.84,1.4,0.9,0.1,1.11
2024-01-19 10:00:00,AAPL,189.47,189.79,189.21,189.66,45590,morning_session,0.08,189.85,189.15,0.001,189.82,189.18,1.12,0.23,0.51,0.61
2024-01-19 11:00:00,AAPL,189.6,190.58,189.55,190.25,155972,morning_session,0.23,190.68,189.45,0.0034,190.63,189.5,1.75,0.59,0.59,1.08
2024-01-19 12:00:00,AAPL,190.16,190.2,189.55,189.84,149182,lunch_session,0.38,190.26,189.48,-0.0017,190.23,189.52,0.72,0.65,0.11,0.68
2024-01-19 13:00:00,AAPL,190.0,190.2,188.65,189.15,568757,lunch_session,0.54,190.36,188.5,-0.0045,190.28,188.57,1.25,1.89,0.88,1.63
2024-01-19 14:00:00,AAPL,189.15,189.88,188.5,189.59,11206082,afternoon_session,0.69,190.02,188.36,0.0023,189.95,188.43,2.73,0.52,1.28,1.45
2024-01-19 15:00:00,AAPL,189.59,190.16,188.91,189.79,8681832,afternoon_session,0.85,190.28,188.78,0.0011,190.22,188.85,2.2,0.67,0.82,1.31
2024-01-19 16:00:00,AAPL,189.78,190.06,189.33,189.97,5742483,market_close,1.0,190.13,189.26,0.001,190.1,189.29,1.61,0.15,0.9,0.77
2024-01-19 17:00:00,AAPL,189.97,190.64,189.9,190.56,5765469,market_close,1.0,190.71,189.83,0.0031,190.68,189.86,1.66,0.13,0.94,0.78
2024-01-19 18:00:00,AAPL,190.56,191.45,190.5,191.41,7690914,market_close,1.0,191.55,190.4,0.0045,191.5,190.45,2.3,0.06,1.41,1.0
2024-01-19 19:00:00,AAPL,191.41,191.95,191.17,191.65,7261285,market_close,1.0,192.03,191.09,0.0013,191.99,191.13,1.2,0.54,0.29,0.82
2024-01-19 20:00:00,AAPL,191.65,191.82,191.32,191.58,8733470,market_close,1.0,191.87,191.27,-0.0004,191.84,191.3,0.65,0.43,0.03,0.52
2024-01-19 21:00:00,AAPL,191.54,191.61,191.32,191.55,1961580,market_close,1.0,191.64,191.29,0.0001,191.62,191.31,0.58,0.11,0.27,0.3
2024-01-19 22:00:00,AAPL,191.55,191.59,191.39,191.41,16167,market_close,1.0,191.61,191.37,-0.0007,191.6,191.38,0.05,0.32,0.26,0.21
2024-01-19 23:00:00,AAPL,191.49,191.56,191.29,191.29,132276,market_close,1.0,191.59,191.26,-0.001,191.57,191.28,0.0,0.49,0.43,0.28
2024-01-20 00:00:00,AAPL,191.3,191.31,191.1,191.23,26804,morning_session,0.0,191.33,191.08,-0.0004,191.32,191.09,0.32,0.14,0.08,0.22
2024-01-22 09:00:00,AAPL,192.18,192.18,191.56,191.92,31925,morning_session,0.0,192.24,191.5,-0.0014,192.21,191.53,0.9,0.47,0.16,0.65
2024-01-22 10:00:00,AAPL,191.92,192.13,191.9,191.97,34114,morning_session,0.08,192.15,191.88,0.0003,192.14,191.89,0.17,0.29,0.14,0.24
2024-01-22 11:00:00,AAPL,192.03,192.18,192.0,192.02,18190,morning_session,0.23,192.2,191.98,-0.0001,192.19,191.99,0.05,0.29,0.22,0.19
2024-01-22 12:00:00,AAPL,192.0,192.72,191.95,192.54,92783,lunch_session,0.38,192.8,191.87,0.0028,192.76,191.91,1.48,0.32,0.66,0.81
2024-01-22 13:00:00,AAPL,191.97,192.78,191.86,192.18,246228,lunch_session,0.54,192.87,191.77,0.0011,192.82,191.81,0.8,1.07,0.44,0.96
2024-01-22 14:00:00,AAPL,192.15,194.72,191.92,194.46,9236415,afternoon_session,0.69,195.0,191.64,0.012,194.86,191.78,6.35,0.47,3.65,2.94
2024-01-22 15:00:00,AAPL,194.46,195.33,193.31,193.43,12727590,afternoon_session,0.85,195.53,193.11,-0.0053,195.43,193.21,0.29,3.43,2.86,2.12
2024-01-22 16:00:00,AAPL,193.45,193.99,193.15,193.69,5785515,market_close,1.0,194.07,193.07,0.0012,194.03,193.11,1.35,0.54,0.38,0.88
2024-01-22 17:00:00,AAPL,193.72,194.07,193.03,193.93,4959786,market_close,1.0,194.17,192.93,0.0011,194.12,192.98,2.24,0.25,1.21,1.09
2024-01-22 18:00:00,AAPL,193.93,194.5,193.66,194.49,4914970,market_close,1.0,194.58,193.58,0.0029,194.54,193.62,2.08,0.02,1.31,0.88
2024-01-22 19:00:00,AAPL,194.49,194.57,193.94,194.08,4486117,market_close,1.0,194.63,193.88,-0.0021,194.6,193.91,0.35,0.88,0.56,0.66
2024-01-22 20:00:00,AAPL,194.08,194.11,193.46,193.87,7120351,market_close,1.0,194.17,193.4,-0.0011,194.14,193.43,1.02,0.43,0.28,0.68
2024-01-22 21:00:00,AAPL,193.89,193.89,193.64,193.76,1766485,market_close,1.0,193.92,193.61,-0.0007,193.9,193.63,0.3,0.23,0.02,0.26
2024-01-22 22:00:00,AAPL,193.79,193.8,193.72,193.72,13639,market_close,1.0,193.81,193.71,-0.0004,193.8,193.72,0.0,0.14,0.13,0.08
2024-01-22 23:00:00,AAPL,193.75,193.97,193.7,193.89,18473,market_close,1.0,194.0,193.67,0.0007,193.98,193.69,0.47,0.14,0.18,0.28
2024-01-23 00:00:00,AAPL,193.88,193.91,193.71,193.91,13209,morning_session,0.0,193.93,193.69,0.0002,193.92,193.7,0.5,0.0,0.32,0.21
2024-01-23 09:00:00,AAPL,193.6,193.6,193.23,193.33,19591,morning_session,0.0,193.64,193.19,-0.0014,193.62,193.21,0.25,0.49,0.27,0.39
2024-01-23 10:00:00,AAPL,193.33,193.49,193.01,193.3,13449,morning_session,0.08,193.54,192.96,-0.0002,193.51,192.99,0.73,0.34,0.16,0.5
2024-01-23 11:00:00,AAPL,193.3,193.7,193.05,193.7,101705,morning_session,0.23,193.76,192.98,0.0021,193.73,193.02,1.62,0.0,1.04,0.68
2024-01-23 12:00:00,AAPL,193.69,194.5,193.62,194.5,91726,lunch_session,0.38,194.59,193.53,0.0042,194.54,193.58,2.2,0.0,1.41,0.92
2024-01-23 13:00:00,AAPL,193.67,194.87,193.3,194.37,181232,lunch_session,0.54,195.03,193.14,0.0036,194.95,193.22,2.67,0.9,0.91,1.65
2024-01-23 14:00:00,AAPL,194.39,195.75,194.01,194.8,6463498,afternoon_session,0.69,195.92,193.84,0.0021,195.84,193.92,1.98,1.71,0.26,1.83
2024-01-23 15:00:00,AAPL,194.8,194.85,193.83,194.3,6540318,afternoon_session,0.85,194.95,193.73,-0.0026,194.9,193.78,1.18,0.99,0.13,1.07
2024-01-23 16:00:00,AAPL,194.29,194.72,194.18,194.64,4330440,market_close,1.0,194.77,194.13,0.0018,194.75,194.15,1.15,0.14,0.61,0.57
2024-01-23 17:00:00,AAPL,194.63,195.21,194.5,195.14,3559109,market_close,1.0,195.28,194.42,0.0026,195.25,194.46,1.61,0.13,0.92,0.75
2024-01-23 18:00:00,AAPL,195.15,195.24,194.75,194.8,4180513,market_close,1.0,195.29,194.7,-0.0018,195.26,194.73,0.13,0.79,0.62,0.51
2024-01-23 19:00:00,AAPL,194.81,195.03,194.57,194.94,3576506,market_close,1.0,195.08,194.52,0.0007,195.05,194.55,0.93,0.16,0.45,0.48
2024-01-23 20:00:00,AAPL,194.94,195.25,194.66,195.15,7626542,market_close,1.0,195.31,194.6,0.0011,195.28,194.63,1.23,0.18,0.62,0.62
2024-01-23 21:00:00,AAPL,195.16,195.18,194.88,194.95,782887,market_close,1.0,195.21,194.85,-0.0011,195.2,194.86,0.17,0.41,0.26,0.32
2024-01-23 22:00:00,AAPL,194.92,194.94,194.81,194.86,15485,market_close,1.0,194.95,194.8,-0.0003,194.95,194.8,0.13,0.14,0.05,0.14
2024-01-23 23:00:00,AAPL,194.9,195.11,194.9,195.11,19751,market_close,1.0,195.13,194.88,0.0011,195.12,194.89,0.53,0.0,0.34,0.22
2024-01-24 00:00:00,AAPL,195.14,195.15,194.97,195.15,37116,morning_session,0.0,195.17,194.95,0.0001,195.16,194.96,0.45,0.0,0.29,0.19
2024-01-24 09:00:00,AAPL,194.9,195.49,194.82,194.83,44556,morning_session,0.0,195.56,194.75,-0.0004,195.52,194.79,0.03,1.19,1.04,0.7
2024-01-24 10:00:00,AAPL,194.85,194.9,194.73,194.8,10390,morning_session,0.08,194.92,194.71,-0.0003,194.91,194.72,0.18,0.18,0.05,0.18
2024-01-24 11:00:00,AAPL,194.8,195.3,194.8,195.29,26011,morning_session,0.23,195.35,194.75,0.0025,195.32,194.78,1.22,0.02,0.77,0.52
2024-01-24 12:00:00,AAPL,195.0,195.55,195.0,195.41,83945,lunch_session,0.38,195.6,194.94,0.0021,195.58,194.97,1.02,0.25,0.43,0.58
2024-01-24 13:00:00,AAPL,195.13,195.58,194.61,195.39,245140,lunch_session,0.54,195.68,194.51,0.0013,195.63,194.56,1.95,0.34,0.94,1.02
2024-01-24 14:00:00,AAPL,195.42,196.38,194.91,195.08,6566640,afternoon_session,0.69,196.53,194.76,-0.0017,196.45,194.84,0.43,2.34,1.81,1.54
2024-01-24 15:00:00,AAPL,195.08,196.34,194.66,195.91,8195229,afternoon_session,0.85,196.51,194.49,0.0043,196.42,194.58,3.12,0.77,1.31,1.76
2024-01-24 16:00:00,AAPL,195.91,195.99,195.27,195.86,7039597,market_close,1.0,196.06,195.2,-0.0003,196.03,195.23,1.48,0.23,0.74,0.76
2024-01-24 17:00:00,AAPL,195.86,196.08,195.51,195.75,4084289,market_close,1.0,196.14,195.45,-0.0006,196.11,195.48,0.59,0.6,0.16,0.6
2024-01-24 18:00:00,AAPL,195.74,195.74,195.14,195.29,5390445,market_close,1.0,195.8,195.08,-0.0023,195.77,195.11,0.37,0.81,0.48,0.63
2024-01-24 19:00:00,AAPL,195.28,195.39,194.69,194.91,4576776,market_close,1.0,195.46,194.62,-0.0019,195.42,194.66,0.55,0.86,0.42,0.73
2024-01-24 20:00:00,AAPL,194.91,195.13,194.34,194.51,7506616,market_close,1.0,195.21,194.26,-0.0021,195.17,194.3,0.42,1.12,0.72,0.83
2024-01-24 21:00:00,AAPL,194.5,194.54,193.91,194.26,2474395,market_close,1.0,194.6,193.85,-0.0012,194.57,193.88,0.87,0.5,0.11,0.66
2024-01-24 22:00:00,AAPL,194.18,194.2,194.03,194.07,56691,market_close,1.0,194.22,194.01,-0.0006,194.21,194.02,0.1,0.23,0.14,0.18
2024-01-24 23:00:00,AAPL,194.05,194.1,193.82,194.1,31899,market_close,1.0,194.13,193.79,0.0003,194.11,193.81,0.7,0.0,0.45,0.29
2024-01-25 00:00:00,AAPL,194.1,194.15,193.9,193.91,24734,morning_session,0.0,194.18,193.88,-0.001,194.16,193.89,0.02,0.43,0.37,0.26
2024-01-25 09:00:00,AAPL,194.0,194.0,193.42,193.66,30226,morning_session,0.0,194.06,193.36,-0.0018,194.03,193.39,0.6,0.61,0.16,0.61
2024-01-25 10:00:00,AAPL,193.57,193.71,193.5,193.64,11962,morning_session,0.08,193.73,193.48,0.0004,193.72,193.49,0.35,0.13,0.11,0.22
2024-01-25 11:00:00,AAPL,193.6,194.0,193.53,193.99,20763,morning_session,0.23,194.05,193.48,0.002,194.02,193.51,1.15,0.02,0.72,0.49
2024-01-25 12:00:00,AAPL,194.0,194.5,193.89,193.94,64617,lunch_session,0.38,194.56,193.83,-0.0003,194.53,193.86,0.13,1.01,0.82,0.64
2024-01-25 13:00:00,AAPL,194.23,195.09,193.61,194.9,304990,lunch_session,0.54,195.24,193.46,0.0034,195.16,193.54,3.23,0.34,1.76,1.55
2024-01-25 14:00:00,AAPL,194.93,195.64,194.45,194.81,5523081,afternoon_session,0.69,195.76,194.33,-0.0006,195.7,194.39,0.9,1.49,0.75,1.25
2024-01-25 15:00:00,AAPL,194.82,195.63,194.63,195.47,6675228,afternoon_session,0.85,195.73,194.53,0.0033,195.68,194.58,2.1,0.29,1.09,1.05
2024-01-25 16:00:00,AAPL,195.48,196.27,195.16,195.96,5904017,market_close,1.0,196.38,195.05,0.0024,196.32,195.1,2.0,0.56,0.78,1.16
2024-01-25 17:00:00,AAPL,195.96,196.06,195.53,195.81,4526873,market_close,1.0,196.11,195.48,-0.0008,196.08,195.5,0.69,0.45,0.04,0.55
2024-01-25 18:00:00,AAPL,195.81,195.96,194.05,194.12,8876597,market_close,1.0,196.15,193.86,-0.0086,196.05,193.95,0.19,3.3,2.81,2.0
2024-01-25 19:00:00,AAPL,194.12,194.12,193.11,193.56,5705193,market_close,1.0,194.22,193.01,-0.0029,194.17,193.06,1.12,1.01,0.18,1.06
2024-01-25 20:00:00,AAPL,193.55,194.31,193.45,194.19,7334125,market_close,1.0,194.4,193.36,0.0033,194.35,193.41,1.85,0.22,0.99,0.9
2024-01-25 21:00:00,AAPL,194.17,194.55,194.1,194.21,1321450,market_close,1.0,194.6,194.06,0.0002,194.57,194.08,0.28,0.61,0.37,0.47
2024-01-25 22:00:00,AAPL,194.2,194.38,193.88,194.15,119253,market_close,1.0,194.43,193.83,-0.0003,194.4,193.86,0.68,0.41,0.06,0.52
2024-01-25 23:00:00,AAPL,193.9,194.17,193.75,194.0,49716,market_close,1.0,194.21,193.71,0.0005,194.19,193.73,0.63,0.31,0.13,0.44
2024-01-26 00:00:00,AAPL,194.08,194.17,193.82,194.17,42711,morning_session,0.0,194.2,193.78,0.0005,194.19,193.8,0.87,0.0,0.56,0.37
2024-01-26 09:00:00,AAPL,193.31,193.91,193.07,193.9,36325,morning_session,0.0,193.99,192.99,0.0031,193.95,193.03,2.08,0.02,1.31,0.88
2024-01-26 10:00:00,AAPL,193.9,194.17,193.9,194.0,21765,morning_session,0.08,194.2,193.87,0.0005,194.18,193.89,0.25,0.31,0.11,0.28
2024-01-26 11:00:00,AAPL,194.02,194.35,193.79,194.35,29774,morning_session,0.23,194.41,193.73,0.0017,194.38,193.76,1.4,0.0,0.9,0.59
2024-01-26 12:00:00,AAPL,194.35,194.7,194.2,194.5,59616,lunch_session,0.38,194.75,194.15,0.0008,194.72,194.18,0.75,0.36,0.16,0.52
2024-01-26 13:00:00,AAPL,194.37,194.86,193.0,194.38,254987,lunch_session,0.54,195.05,192.81,0.0001,194.95,192.91,3.45,0.86,1.44,1.95
2024-01-26 14:00:00,AAPL,194.28,194.65,193.75,194.62,4893671,afternoon_session,0.69,194.74,193.66,0.0017,194.7,193.7,2.16,0.06,1.33,0.94
2024-01-26 15:00:00,AAPL,194.64,194.76,194.19,194.53,5060936,afternoon_session,0.85,194.82,194.13,-0.0006,194.79,194.16,0.84,0.42,0.16,0.6
2024-01-26 16:00:00,AAPL,194.52,194.57,193.91,194.04,3679322,market_close,1.0,194.64,193.84,-0.0025,194.6,193.88,0.33,0.95,0.64,0.69
2024-01-26 17:00:00,AAPL,194.04,194.08,192.46,192.47,5740538,market_close,1.0,194.24,192.3,-0.0081,194.16,192.38,0.02,2.9,2.57,1.7
2024-01-26 18:00:00,AAPL,192.46,192.76,192.27,192.45,4025723,market_close,1.0,192.81,192.22,-0.0,192.78,192.25,0.45,0.56,0.2,0.51
2024-01-26 19:00:00,AAPL,192.46,192.97,192.34,192.91,3109525,market_close,1.0,193.03,192.28,0.0024,193.0,192.31,1.42,0.11,0.82,0.66
2024-01-26 20:00:00,AAPL,192.92,192.97,191.94,192.42,8749852,market_close,1.0,193.08,191.84,-0.0026,193.03,191.89,1.2,1.0,0.12,1.09
2024-01-26 21:00:00,AAPL,192.42,192.45,192.02,192.29,1611066,market_close,1.0,192.49,191.98,-0.0007,192.47,192.0,0.67,0.29,0.18,0.45
2024-01-26 22:00:00,AAPL,192.28,192.3,192.18,192.24,44245,market_close,1.0,192.31,192.17,-0.0002,192.31,192.17,0.15,0.11,0.0,0.13
2024-01-26 23:00:00,AAPL,192.21,192.27,192.1,192.1,24778,market_close,1.0,192.29,192.08,-0.0006,192.28,192.09,0.0,0.31,0.28,0.18
2024-01-27 00:00:00,AAPL,192.19,192.31,192.15,192.28,22856,morning_session,0.0,192.33,192.13,0.0005,192.32,192.14,0.32,0.05,0.16,0.17
2024-01-29 09:00:00,AAPL,192.2,192.99,192.02,192.02,36146,morning_session,0.0,193.09,191.92,-0.0009,193.04,191.97,0.0,1.75,1.55,1.02
2024-01-29 10:00:00,AAPL,192.02,192.28,191.98,192.2,17585,morning_session,0.08,192.31,191.95,0.0009,192.3,191.96,0.55,0.14,0.22,0.32
2024-01-29 11:00:00,AAPL,192.2,192.28,192.05,192.19,6468,morning_session,0.23,192.3,192.03,-0.0001,192.29,192.04,0.35,0.16,0.08,0.24
2024-01-29 12:00:00,AAPL,192.3,192.6,192.21,192.35,53101,lunch_session,0.38,192.64,192.17,0.0003,192.62,192.19,0.35,0.45,0.18,0.41
2024-01-29 13:00:00,AAPL,192.3,192.66,191.95,191.95,123343,lunch_session,0.54,192.73,191.88,-0.0018,192.7,191.91,0.0,1.28,1.14,0.75
2024-01-29 14:00:00,AAPL,191.95,192.2,189.58,190.77,7942528,afternoon_session,0.69,192.46,189.32,-0.0061,192.33,189.45,2.99,2.57,0.37,2.75
2024-01-29 15:00:00,AAPL,190.78,192.0,190.49,190.59,6238236,afternoon_session,0.85,192.15,190.34,-0.001,192.08,190.41,0.25,2.54,2.1,1.59
2024-01-29 16:00:00,AAPL,190.59,191.03,190.4,190.78,4282311,market_close,1.0,191.09,190.34,0.001,191.06,190.37,0.94,0.46,0.19,0.66
2024-01-29 17:00:00,AAPL,190.78,191.16,190.72,191.05,3415916,market_close,1.0,191.2,190.68,0.0014,191.18,190.7,0.83,0.2,0.35,0.46
2024-01-29 18:00:00,AAPL,191.07,191.39,190.93,191.27,2655575,market_close,1.0,191.44,190.89,0.001,191.41,190.91,0.84,0.22,0.35,0.48
2024-01-29 19:00:00,AAPL,191.27,191.67,191.24,191.38,4093894,market_close,1.0,191.71,191.2,0.0005,191.69,191.22,0.34,0.53,0.26,0.45
2024-01-29 20:00:00,AAPL,191.38,192.2,191.37,191.78,8400277,market_close,1.0,192.28,191.29,0.0021,192.24,191.33,1.02,0.76,0.02,0.87
2024-01-29 21:00:00,AAPL,191.73,191.74,191.3,191.39,1008089,market_close,1.0,191.78,191.26,-0.0018,191.76,191.28,0.22,0.63,0.42,0.46
2024-01-29 22:00:00,AAPL,191.39,191.73,191.37,191.54,85392,market_close,1.0,191.77,191.33,0.0008,191.75,191.35,0.42,0.34,0.03,0.38
2024-01-29 23:00:00,AAPL,191.51,191.51,191.04,191.11,68299,market_close,1.0,191.56,190.99,-0.0021,191.53,191.02,0.18,0.72,0.53,0.49
2024-01-30 00:00:00,AAPL,191.15,191.15,190.88,190.88,44309,morning_session,0.0,191.18,190.85,-0.0014,191.16,190.87,0.0,0.49,0.43,0.28
2024-01-30 09:00:00,AAPL,190.91,190.91,190.37,190.5,31216,morning_session,0.0,190.96,190.32,-0.0021,190.94,190.34,0.32,0.74,0.45,0.57
2024-01-30 10:00:00,AAPL,190.5,190.76,190.42,190.43,9142,morning_session,0.08,190.79,190.39,-0.0004,190.78,190.4,0.03,0.59,0.51,0.36
2024-01-30 11:00:00,AAPL,190.4,190.66,190.39,190.51,14143,morning_session,0.23,190.69,190.36,0.0006,190.67,190.38,0.3,0.27,0.05,0.28
2024-01-30 12:00:00,AAPL,190.57,190.75,190.51,190.55,62113,lunch_session,0.38,190.77,190.49,-0.0001,190.76,190.5,0.1,0.36,0.26,0.25
2024-01-30 13:00:00,AAPL,190.51,191.2,190.25,190.55,127772,lunch_session,0.54,191.3,190.16,0.0002,191.25,190.2,0.75,1.17,0.56,1.0
2024-01-30 14:00:00,AAPL,190.55,191.8,190.35,191.11,5321597,afternoon_session,0.69,191.95,190.2,0.0029,191.87,190.28,1.9,1.24,0.11,1.52
2024-01-30 15:00:00,AAPL,191.1,191.17,188.22,188.49,12447413,afternoon_session,0.85,191.46,187.92,-0.0137,191.32,188.07,0.68,4.82,3.86,3.1
2024-01-30 16:00:00,AAPL,188.49,188.94,187.87,188.72,7654655,market_close,1.0,189.05,187.76,0.0012,188.99,187.81,2.14,0.4,1.02,1.13
2024-01-30 17:00:00,AAPL,188.73,188.93,187.87,187.87,4927776,market_close,1.0,189.04,187.76,-0.0046,188.98,187.82,0.0,1.91,1.7,1.11
2024-01-30 18:00:00,AAPL,187.87,188.64,187.68,188.02,4248011,market_close,1.0,188.74,187.58,0.0008,188.69,187.63,0.85,1.12,0.45,1.01
2024-01-30 19:00:00,AAPL,188.02,188.28,187.47,188.23,4843766,market_close,1.0,188.36,187.39,0.0011,188.32,187.43,1.9,0.09,1.14,0.85
2024-01-30 20:00:00,AAPL,188.22,188.27,187.8,187.98,7624828,market_close,1.0,188.32,187.75,-0.0013,188.29,187.78,0.45,0.52,0.18,0.49
2024-01-30 21:00:00,AAPL,188.04,188.34,187.26,188.26,1503089,market_close,1.0,188.45,187.15,0.0012,188.39,187.21,2.5,0.14,1.47,1.13
2024-01-30 22:00:00,AAPL,188.33,188.39,187.4,187.5,202771,market_close,1.0,188.49,187.3,-0.0044,188.44,187.35,0.25,1.6,1.26,1.04
2024-01-30 23:00:00,AAPL,187.5,187.88,187.27,187.85,89120,market_close,1.0,187.94,187.21,0.0019,187.91,187.24,1.45,0.05,0.88,0.64
2024-01-31 00:00:00,AAPL,187.88,187.88,187.25,187.3,58900,morning_session,0.0,187.94,187.19,-0.0031,187.91,187.22,0.13,1.04,0.85,0.66
2024-01-31 09:00:00,AAPL,186.98,187.25,186.3,186.68,51614,morning_session,0.0,187.34,186.2,-0.0016,187.3,186.25,0.95,1.03,0.3,1.0
2024-01-31 10:00:00,AAPL,186.7,186.95,186.7,186.78,21367,morning_session,0.08,186.98,186.68,0.0004,186.96,186.69,0.2,0.31,0.14,0.26
2024-01-31 11:00:00,AAPL,186.75,187.28,186.55,187.2,25562,morning_session,0.23,187.35,186.48,0.0024,187.32,186.51,1.62,0.14,0.91,0.77
2024-01-31 12:00:00,AAPL,187.21,187.84,187.14,187.84,76218,lunch_session,0.38,187.91,187.07,0.0034,187.88,187.1,1.75,0.0,1.12,0.74
2024-01-31 13:00:00,AAPL,187.21,187.94,186.52,187.6,171539,lunch_session,0.54,188.08,186.38,0.0021,188.01,186.45,2.7,0.61,1.19,1.49
2024-01-31 14:00:00,AAPL,187.64,187.64,184.79,185.19,8240081,afternoon_session,0.69,187.92,184.5,-0.013,187.78,184.65,1.01,4.4,3.26,2.99
2024-01-31 15:00:00,AAPL,185.19,185.78,184.9,185.29,6762055,afternoon_session,0.85,185.87,184.81,0.0005,185.82,184.86,0.97,0.88,0.16,0.92
2024-01-31 16:00:00,AAPL,185.3,185.87,185.29,185.69,3897066,market_close,1.0,185.93,185.24,0.0021,185.9,185.27,0.98,0.33,0.33,0.6
2024-01-31 17:00:00,AAPL,185.69,186.34,185.61,186.32,3635918,market_close,1.0,186.41,185.54,0.0034,186.38,185.58,1.78,0.03,1.12,0.76
2024-01-31 18:00:00,AAPL,186.33,186.53,186.07,186.18,3259321,market_close,1.0,186.58,186.03,-0.0008,186.55,186.05,0.26,0.63,0.39,0.48
2024-01-31 19:00:00,AAPL,186.17,186.94,185.26,185.97,5922259,market_close,1.0,187.11,185.09,-0.0011,187.02,185.18,1.78,1.75,0.42,1.76
2024-01-31 20:00:00,AAPL,185.98,186.03,184.35,184.36,9880076,market_close,1.0,186.2,184.18,-0.0087,186.11,184.27,0.03,3.01,2.66,1.76
2024-01-31 21:00:00,AAPL,184.44,185.93,184.4,184.83,3006720,market_close,1.0,186.08,184.25,0.0021,186.01,184.32,1.08,1.98,1.07,1.61
2024-01-31 22:00:00,AAPL,184.92,185.29,184.8,185.1,256524,market_close,1.0,185.34,184.75,0.001,185.31,184.78,0.75,0.34,0.18,0.51
2024-01-31 23:00:00,AAPL,185.29,185.45,184.86,185.23,34848,market_close,1.0,185.51,184.8,-0.0003,185.48,184.83,0.92,0.4,0.24,0.62
2024-02-01 00:00:00,AAPL,185.37,185.75,185.22,185.7,36301,morning_session,0.0,185.8,185.17,0.0018,185.78,185.19,1.2,0.09,0.69,0.56
2024-08-01 08:00:00,AAPL,223.8,223.8,222.7,223.05,44591,morning_session,0.0,223.91,222.59,-0.0034,223.86,222.64,0.88,1.35,0.64,1.16
2024-08-01 09:00:00,AAPL,223.26,223.65,223.26,223.62,18201,morning_session,0.0,223.69,223.22,0.0016,223.67,223.24,0.9,0.05,0.53,0.41
2024-08-01 10:00:00,AAPL,223.6,224.08,223.6,224.0,25534,morning_session,0.08,224.13,223.55,0.0018,224.1,223.58,1.0,0.14,0.51,0.5
2024-08-01 11:00:00,AAPL,224.0,224.84,223.97,224.25,136537,morning_session,0.23,224.93,223.88,0.0011,224.88,223.93,0.7,1.06,0.5,0.91
2024-08-01 12:00:00,AAPL,223.98,224.88,223.5,224.44,335241,lunch_session,0.38,225.02,223.36,0.0021,224.95,223.43,2.35,0.79,0.8,1.45
2024-08-01 13:00:00,AAPL,224.44,224.7,222.56,224.28,5933066,lunch_session,0.54,224.91,222.35,-0.0007,224.81,222.45,4.3,0.76,2.08,2.25
2024-08-01 14:00:00,AAPL,224.24,224.31,220.35,220.99,7658230,afternoon_session,0.69,224.71,219.95,-0.0145,224.51,220.15,1.59,5.98,4.3,4.16
2024-08-01 15:00:00,AAPL,221.0,221.18,219.21,219.8,5043113,afternoon_session,0.85,221.37,219.01,-0.0054,221.27,219.11,1.48,2.48,1.26,2.06
2024-08-01 16:00:00,AAPL,219.79,220.17,218.46,218.74,4545337,market_close,1.0,220.34,218.28,-0.0048,220.26,218.37,0.71,2.57,1.83,1.8
2024-08-01 17:00:00,AAPL,218.72,218.9,217.19,218.63,5485080,market_close,1.0,219.07,217.02,-0.0004,218.99,217.1,3.6,0.49,1.87,1.8
2024-08-01 18:00:00,AAPL,218.62,218.8,217.02,217.5,5882393,market_close,1.0,218.98,216.84,-0.0051,218.89,216.93,1.19,2.35,1.33,1.87
2024-08-01 19:00:00,AAPL,217.48,219.14,217.12,218.28,10447032,market_close,1.0,219.34,216.92,0.0037,219.24,217.02,2.9,1.55,0.48,2.12
2024-08-01 20:00:00,AAPL,218.36,223.9,214.0,219.77,3940837,market_close,1.0,224.89,213.01,0.0065,224.4,213.5,14.43,7.43,2.62,10.39
2024-08-01 21:00:00,AAPL,219.75,220.8,212.35,219.0,3292103,market_close,1.0,221.64,211.51,-0.0034,221.22,211.93,16.63,3.24,7.76,8.87
2024-08-01 22:00:00,AAPL,220.0,221.18,218.36,220.0,542730,market_close,1.0,221.46,218.08,0.0,221.32,218.22,4.1,2.12,0.74,2.96
2024-08-01 23:00:00,AAPL,220.0,220.05,219.0,219.6,260017,market_close,1.0,220.16,218.9,-0.0018,220.1,218.95,1.5,0.81,0.24,1.1
2024-08-02 08:00:00,AAPL,217.9,218.82,216.55,218.15,83829,morning_session,0.0,219.05,216.32,0.0011,218.93,216.44,4.0,1.21,1.49,2.38
2024-08-02 09:00:00,AAPL,218.0,218.12,217.6,218.01,39669,morning_session,0.0,218.17,217.55,0.0,218.15,217.57,1.02,0.2,0.48,0.55
2024-08-02 10:00:00,AAPL,218.05,220.57,217.51,220.47,105605,morning_session,0.08,220.88,217.2,0.0111,220.72,217.36,7.4,0.18,4.58,3.21
2024-08-02 11:00:00,AAPL,220.1,220.48,217.28,217.5,321140,morning_session,0.23,220.8,216.96,-0.0118,220.64,217.12,0.55,5.36,4.42,3.36
2024-08-02 12:00:00,AAPL,220.02,220.5,214.0,215.3,1291240,lunch_session,0.38,221.15,213.35,-0.0215,220.82,213.68,3.25,9.36,6.24,6.82
2024-08-02 13:00:00,AAPL,215.36,224.43,213.7,223.24,17230299,lunch_session,0.54,225.5,212.63,0.0366,224.97,213.16,23.85,2.14,13.36,11.27
2024-08-02 14:00:00,AAPL,223.21,224.38,220.67,222.4,19539631,afternoon_session,0.69,224.75,220.3,-0.0036,224.57,220.48,4.33,3.56,0.4,3.9
2024-08-02 15:00:00,AAPL,222.41,223.67,221.41,223.21,9945863,afternoon_session,0.85,223.9,221.18,0.0036,223.78,221.3,4.49,0.84,2.13,2.37
2024-08-02 16:00:00,AAPL,223.21,225.6,222.73,224.24,8681216,market_close,1.0,225.89,222.44,0.0046,225.74,222.59,3.76,2.46,0.22,3.01
2024-08-02 17:00:00,AAPL,224.22,225.28,223.3,224.19,7072095,market_close,1.0,225.48,223.1,-0.0001,225.38,223.2,2.22,1.96,0.32,2.08
2024-08-02 18:00:00,AAPL,224.2,224.23,221.91,222.7,6555484,market_close,1.0,224.46,221.68,-0.0067,224.35,221.79,1.97,2.75,1.18,2.44
2024-08-02 19:00:00,AAPL,222.7,223.37,219.05,219.8,14662108,market_close,1.0,223.8,218.62,-0.013,223.59,218.83,1.88,6.43,4.51,4.54
2024-08-02 20:00:00,AAPL,219.86,220.25,219.41,219.82,1651376,market_close,1.0,220.33,219.33,-0.0002,220.29,219.37,1.02,0.77,0.03,0.88
2024-08-02 21:00:00,AAPL,219.82,220.11,219.25,219.34,384530,market_close,1.0,220.2,219.17,-0.0022,220.15,219.21,0.22,1.39,1.09,0.9
2024-08-02 22:00:00,AAPL,219.55,219.86,219.35,219.5,7036197,market_close,1.0,219.91,219.3,-0.0002,219.89,219.32,0.38,0.65,0.34,0.54
2024-08-02 23:00:00,AAPL,219.53,219.53,219.15,219.25,41346,market_close,1.0,219.57,219.11,-0.0013,219.55,219.13,0.25,0.5,0.29,0.4
2024-08-05 08:00:00,AAPL,206.94,207.9,202.0,202.3,589069,morning_session,0.0,208.49,201.41,-0.0224,208.2,201.7,0.75,10.08,8.48,6.19
2024-08-05 09:00:00,AAPL,202.4,203.06,200.48,202.4,430826,morning_session,0.0,203.32,200.22,0.0,203.19,200.35,4.8,1.19,2.02,2.71
2024-08-05 10:00:00,AAPL,202.39,203.5,200.05,203.25,411739,morning_session,0.08,203.84,199.7,0.0042,203.67,199.88,8.0,0.45,4.72,3.62
2024-08-05 11:00:00,AAPL,203.44,206.12,202.5,203.07,1322852,morning_session,0.23,206.48,202.14,-0.0018,206.3,202.32,1.42,5.49,3.97,3.8
2024-08-05 12:00:00,AAPL,203.0,206.13,196.51,197.65,4052063,lunch_session,0.38,207.09,195.55,-0.0264,206.61,196.03,2.85,15.26,11.74,10.1
2024-08-05 13:00:00,AAPL,197.65,211.12,196.0,207.63,27800821,lunch_session,0.54,212.63,194.49,0.0505,211.88,195.24,29.07,6.28,13.02,15.88
2024-08-05 14:00:00,AAPL,207.83,211.01,198.87,209.56,14942317,afternoon_session,0.69,212.22,197.65,0.0083,211.62,198.26,26.74,2.61,14.79,12.75
2024-08-05 15:00:00,AAPL,209.57,213.5,208.74,210.34,12311737,afternoon_session,0.85,213.98,208.26,0.0037,213.74,208.5,3.99,5.7,2.51,5.0
2024-08-05 16:00:00,AAPL,210.34,213.0,209.72,210.38,6842673,market_close,1.0,213.33,209.39,0.0002,213.16,209.56,1.65,4.72,3.14,3.44
2024-08-05 17:00:00,AAPL,210.36,211.89,209.91,210.76,5437018,market_close,1.0,212.09,209.71,0.0019,211.99,209.81,2.12,2.03,0.45,2.08
2024-08-05 18:00:00,AAPL,210.77,210.95,203.91,204.76,12466614,market_close,1.0,211.65,203.21,-0.0285,211.3,203.56,2.12,11.14,8.55,7.39
2024-08-05 19:00:00,AAPL,204.79,209.38,204.06,209.2,18083933,market_close,1.0,209.91,203.53,0.0215,209.65,203.79,12.85,0.32,7.94,5.59
2024-08-05 20:00:00,AAPL,209.27,211.47,208.7,210.8,2155178,market_close,1.0,211.75,208.42,0.0073,211.61,208.56,5.25,1.21,2.29,2.91
2024-08-05 21:00:00,AAPL,210.64,210.8,209.27,210.34,1556282,market_close,1.0,210.95,209.12,-0.0014,210.88,209.19,2.67,0.83,0.98,1.61
2024-08-05 22:00:00,AAPL,210.33,211.38,210.26,210.45,98555,market_close,1.0,211.49,210.15,0.0006,211.44,210.2,0.47,1.67,1.18,1.18
2024-08-05 23:00:00,AAPL,210.5,212.0,210.45,211.85,109470,market_close,1.0,212.16,210.3,0.0064,212.08,210.37,3.5,0.27,2.0,1.63
2024-08-06 08:00:00,AAPL,211.84,212.84,210.01,210.33,135869,morning_session,0.0,213.12,209.73,-0.0071,212.98,209.87,0.8,4.52,3.5,2.97
2024-08-06 09:00:00,AAPL,210.32,210.32,208.23,209.21,81182,morning_session,0.0,210.53,208.02,-0.0053,210.42,208.13,2.45,2.0,0.21,2.19
2024-08-06 10:00:00,AAPL,209.02,209.02,207.85,208.5,115579,morning_session,0.08,209.14,207.73,-0.0025,209.08,207.79,1.63,0.94,0.21,1.23
2024-08-06 11:00:00,AAPL,208.45,209.25,207.2,207.74,229141,morning_session,0.23,209.46,206.99,-0.0034,209.35,207.1,1.35,2.72,1.55,2.15
2024-08-06 12:00:00,AAPL,208.9,214.8,205.3,205.89,3265682,lunch_session,0.38,215.75,204.35,-0.0144,215.28,204.82,1.48,16.04,13.31,9.98
2024-08-06 13:00:00,AAPL,206.0,206.9,201.07,203.19,13558404,lunch_session,0.54,207.48,200.49,-0.0136,207.19,200.78,5.3,6.68,2.54,6.12
2024-08-06 14:00:00,AAPL,203.19,207.68,202.43,207.55,10712572,afternoon_session,0.69,208.2,201.9,0.0214,207.94,202.17,12.79,0.24,7.97,5.51
2024-08-06 15:00:00,AAPL,207.52,208.56,206.03,208.45,6748597,afternoon_session,0.85,208.81,205.78,0.0045,208.69,205.9,6.05,0.2,3.7,2.66
2024-08-06 16:00:00,AAPL,208.46,209.99,208.27,209.7,4981411,market_close,1.0,210.16,208.1,0.0059,210.08,208.18,3.57,0.52,1.82,1.81
2024-08-06 17:00:00,AAPL,209.69,209.72,208.33,208.51,4087580,market_close,1.0,209.86,208.19,-0.0056,209.79,208.26,0.45,2.18,1.65,1.46
2024-08-06 18:00:00,AAPL,208.51,209.95,207.71,208.78,4815308,market_close,1.0,210.17,207.48,0.0013,210.06,207.59,2.69,2.11,0.15,2.36
2024-08-06 19:00:00,AAPL,208.74,208.83,206.4,207.12,9262794,market_close,1.0,209.07,206.16,-0.0077,208.95,206.28,1.81,3.07,1.57,2.55
2024-08-06 20:00:00,AAPL,207.23,207.24,205.5,205.5,5241057,market_close,1.0,207.41,205.33,-0.0083,207.33,205.41,0.0,3.13,2.78,1.83
2024-08-06 21:00:00,AAPL,205.5,207.23,204.72,204.93,162174,market_close,1.0,207.48,204.47,-0.0028,207.36,204.59,0.53,4.14,3.34,2.64
2024-08-06 22:00:00,AAPL,205.0,206.82,204.9,205.83,76151,market_close,1.0,207.01,204.71,0.004,206.92,204.8,2.33,1.78,0.1,2.02
2024-08-06 23:00:00,AAPL,206.16,206.5,205.0,205.01,55696,market_close,1.0,206.65,204.85,-0.0056,206.57,204.93,0.02,2.68,2.37,1.57
2024-08-07 08:00:00,AAPL,208.3,208.85,207.12,208.33,77905,morning_session,0.0,209.02,206.95,0.0001,208.94,207.03,3.03,0.94,1.1,1.82
2024-08-07 09:00:00,AAPL,208.31,209.39,208.31,208.44,49783,morning_session,0.0,209.5,208.2,0.0006,209.44,208.26,0.32,1.71,1.31,1.13
2024-08-07 10:00:00,AAPL,208.5,209.27,208.24,209.27,33718,morning_session,0.08,209.37,208.14,0.0037,209.32,208.19,2.58,0.0,1.65,1.08
2024-08-07 11:00:00,AAPL,208.91,209.35,207.8,207.95,147130,morning_session,0.23,209.5,207.64,-0.0046,209.43,207.72,0.37,2.52,2.0,1.63
2024-08-07 12:00:00,AAPL,208.8,209.3,207.6,208.08,2909178,lunch_session,0.38,209.47,207.43,-0.0034,209.39,207.52,1.2,2.2,1.18,1.78
2024-08-07 13:00:00,AAPL,208.03,212.43,206.32,212.4,7943224,lunch_session,0.54,213.04,205.71,0.021,212.74,206.01,15.2,0.05,9.68,6.42
2024-08-07 14:00:00,AAPL,212.43,213.47,210.81,213.15,8125470,afternoon_session,0.69,213.74,210.54,0.0034,213.6,210.68,5.85,0.58,3.23,2.79
2024-08-07 15:00:00,AAPL,213.18,213.64,211.96,212.58,5604886,afternoon_session,0.85,213.81,211.79,-0.0028,213.72,211.88,1.55,1.91,0.7,1.76
2024-08-07 16:00:00,AAPL,212.58,212.97,211.18,211.56,4668480,market_close,1.0,213.15,211.0,-0.0048,213.06,211.09,0.94,2.55,1.66,1.88
2024-08-07 17:00:00,AAPL,211.54,211.85,210.35,210.93,4714356,market_close,1.0,212.0,210.2,-0.0029,211.92,210.28,1.45,1.66,0.54,1.58
2024-08-07 18:00:00,AAPL,210.9,211.28,208.89,208.94,6086623,market_close,1.0,211.52,208.65,-0.0093,211.4,208.77,0.13,4.21,3.66,2.51
2024-08-07 19:00:00,AAPL,208.94,210.99,208.48,209.86,8438477,market_close,1.0,211.24,208.23,0.0044,211.12,208.35,3.45,2.03,0.4,2.64
2024-08-07 20:00:00,AAPL,209.82,209.93,208.71,208.71,5224349,market_close,1.0,210.05,208.59,-0.0053,209.99,208.65,0.0,2.2,1.95,1.28
2024-08-07 21:00:00,AAPL,208.63,209.82,208.09,208.39,72120,market_close,1.0,209.99,207.92,-0.0012,209.91,208.0,0.75,2.57,1.81,1.82
2024-08-07 22:00:00,AAPL,208.39,209.34,208.36,208.9,58594,market_close,1.0,209.44,208.26,0.0024,209.39,208.31,1.35,0.79,0.16,1.03
2024-08-07 23:00:00,AAPL,208.71,209.0,207.63,208.25,74104,market_close,1.0,209.14,207.49,-0.0022,209.07,207.56,1.55,1.35,0.21,1.44
2024-08-08 08:00:00,AAPL,209.75,209.8,208.95,209.8,38104,morning_session,0.0,209.89,208.86,0.0002,209.84,208.91,2.13,0.0,1.36,0.89
2024-08-08 09:00:00,AAPL,209.8,210.05,209.2,209.37,10503,morning_session,0.0,210.14,209.11,-0.002,210.09,209.16,0.43,1.22,0.82,0.89
2024-08-08 10:00:00,AAPL,209.46,209.84,209.16,209.61,33024,morning_session,0.08,209.91,209.09,0.0007,209.87,209.13,1.13,0.41,0.35,0.71
2024-08-08 11:00:00,AAPL,209.4,210.18,209.4,209.76,44206,morning_session,0.23,210.26,209.32,0.0017,210.22,209.36,0.9,0.76,0.1,0.82
2024-08-08 12:00:00,AAPL,209.5,212.33,208.69,211.6,311785,lunch_session,0.38,212.69,208.33,0.01,212.51,208.51,7.27,1.31,3.49,3.82
2024-08-08 13:00:00,AAPL,211.54,213.21,208.83,210.73,5987608,lunch_session,0.54,213.65,208.39,-0.0038,213.43,208.61,4.75,4.46,0.93,4.6
2024-08-08 14:00:00,AAPL,210.67,212.99,210.51,212.19,5976385,afternoon_session,0.69,213.24,210.26,0.0072,213.11,210.39,4.2,1.44,1.41,2.6
2024-08-08 15:00:00,AAPL,212.19,212.68,211.08,212.39,4499939,afternoon_session,0.85,212.84,210.92,0.0009,212.76,211.0,3.27,0.52,1.63,1.68
2024-08-08 16:00:00,AAPL,212.37,213.47,212.23,213.18,4457830,market_close,1.0,213.59,212.11,0.0038,213.53,212.17,2.36,0.53,1.04,1.3
2024-08-08 17:00:00,AAPL,213.22,214.2,212.63,213.68,4194586,market_close,1.0,214.36,212.47,0.0022,214.28,212.55,2.62,0.94,0.85,1.65
2024-08-08 18:00:00,AAPL,213.67,213.84,212.6,212.91,3140251,market_close,1.0,213.96,212.48,-0.0035,213.9,212.54,0.79,1.67,0.98,1.3
2024-08-08 19:00:00,AAPL,212.91,213.52,211.87,213.34,6943993,market_close,1.0,213.68,211.7,0.002,213.6,211.79,3.67,0.32,2.06,1.73
2024-08-08 20:00:00,AAPL,213.31,214.0,213.23,213.54,2903833,market_close,1.0,214.08,213.15,0.0011,214.04,213.19,0.78,0.83,0.24,0.81
2024-08-08 21:00:00,AAPL,213.5,213.54,213.23,213.35,450749,market_close,1.0,213.57,213.2,-0.0007,213.56,213.21,0.31,0.34,0.1,0.33
2024-08-08 22:00:00,AAPL,213.4,213.77,213.33,213.47,19621,market_close,1.0,213.81,213.29,0.0003,213.79,213.31,0.34,0.55,0.27,0.46
2024-08-08 23:00:00,AAPL,213.5,214.0,213.5,213.95,32501,market_close,1.0,214.05,213.45,0.0021,214.02,213.48,1.12,0.09,0.63,0.52
2024-08-09 08:00:00,AAPL,213.41,214.25,213.26,214.1,63725,morning_session,0.0,214.35,213.16,0.0032,214.3,213.21,2.1,0.27,1.1,1.04
2024-08-09 09:00:00,AAPL,214.14,214.14,212.44,212.44,59281,morning_session,0.0,214.31,212.27,-0.0079,214.22,212.36,0.0,3.06,2.72,1.78
2024-08-09 10:00:00,AAPL,212.4,212.49,211.57,212.3,61558,morning_session,0.08,212.58,211.48,-0.0005,212.54,211.52,1.83,0.34,0.86,0.97
2024-08-09 11:00:00,AAPL,212.46,212.7,211.0,211.62,189527,morning_session,0.23,212.87,210.83,-0.004,212.78,210.92,1.55,1.94,0.74,1.78
2024-08-09 12:00:00,AAPL,212.7,213.82,210.64,211.18,139694,lunch_session,0.38,214.14,210.32,-0.0071,213.98,210.48,1.35,4.75,3.36,3.34
2024-08-09 13:00:00,AAPL,211.2,213.48,210.7,212.56,4246228,lunch_session,0.54,213.76,210.42,0.0064,213.62,210.56,4.65,1.66,1.5,2.92
2024-08-09 14:00:00,AAPL,212.58,215.18,212.34,214.82,5623578,afternoon_session,0.69,215.46,212.06,0.0105,215.32,212.2,6.2,0.65,3.39,2.98
2024-08-09 15:00:00,AAPL,214.82,215.74,214.54,214.7,4117549,afternoon_session,0.85,215.85,214.42,-0.0006,215.79,214.48,0.4,1.86,1.4,1.25
2024-08-09 16:00:00,AAPL,214.7,215.45,214.41,215.44,3901265,market_close,1.0,215.55,214.31,0.0034,215.5,214.36,2.56,0.03,1.62,1.09
2024-08-09 17:00:00,AAPL,215.44,216.78,215.25,215.92,3817952,market_close,1.0,216.93,215.1,0.0022,216.86,215.17,1.67,1.55,0.32,1.61
2024-08-09 18:00:00,AAPL,215.93,216.09,214.9,215.61,3770389,market_close,1.0,216.21,214.78,-0.0015,216.15,214.84,1.78,0.87,0.37,1.25
2024-08-09 19:00:00,AAPL,215.6,216.62,215.21,216.3,7407864,market_close,1.0,216.76,215.07,0.0032,216.69,215.14,2.73,0.57,1.24,1.48
2024-08-09 20:00:00,AAPL,216.24,216.43,215.96,216.12,2149576,market_close,1.0,216.48,215.91,-0.0006,216.45,215.94,0.4,0.56,0.24,0.49
2024-08-09 21:00:00,AAPL,216.09,216.3,216.09,216.17,19159,market_close,1.0,216.32,216.07,0.0004,216.31,216.08,0.2,0.23,0.08,0.22
2024-08-09 22:00:00,AAPL,216.17,216.25,216.11,216.25,9866,market_close,1.0,216.26,216.1,0.0004,216.26,216.1,0.35,0.0,0.22,0.15
2024-08-09 23:00:00,AAPL,216.31,216.47,216.28,216.47,19882,market_close,1.0,216.49,216.26,0.0007,216.48,216.27,0.47,0.0,0.3,0.2
2024-08-12 08:00:00,AAPL,216.77,217.01,216.3,216.7,32826,morning_session,0.0,217.08,216.23,-0.0003,217.05,216.26,1.0,0.56,0.14,0.75
2024-08-12 09:00:00,AAPL,216.79,216.94,216.75,216.92,11235,morning_session,0.0,216.96,216.73,0.0006,216.95,216.74,0.42,0.04,0.24,0.2
2024-08-12 10:00:00,AAPL,216.9,216.93,216.66,216.85,27956,morning_session,0.08,216.96,216.63,-0.0002,216.94,216.65,0.47,0.14,0.18,0.28
2024-08-12 11:00:00,AAPL,216.8,216.99,216.42,216.8,49311,morning_session,0.23,217.05,216.36,0.0,217.02,216.39,0.95,0.34,0.3,0.6
2024-08-12 12:00:00,AAPL,216.7,217.26,216.42,216.68,125716,lunch_session,0.38,217.34,216.34,-0.0001,217.3,216.38,0.65,1.04,0.51,0.88
2024-08-12 13:00:00,AAPL,216.72,217.65,215.6,216.99,4821895,lunch_session,0.54,217.86,215.4,0.0013,217.75,215.5,3.48,1.18,1.18,2.15
2024-08-12 14:00:00,AAPL,217.0,219.09,216.0,218.63,6154150,afternoon_session,0.69,219.4,215.69,0.0075,219.24,215.85,6.57,0.83,3.47,3.24
2024-08-12 15:00:00,AAPL,218.64,219.51,217.15,218.73,5556532,afternoon_session,0.85,219.75,216.91,0.0004,219.63,217.03,3.95,1.4,1.28,2.48
2024-08-12 16:00:00,AAPL,218.73,218.76,217.18,217.19,3114423,market_close,1.0,218.92,217.02,-0.007,218.84,217.1,0.02,2.82,2.49,1.66
2024-08-12 17:00:00,AAPL,217.19,217.7,216.47,216.84,3476125,market_close,1.0,217.82,216.35,-0.0016,217.76,216.41,0.94,1.54,0.77,1.29
2024-08-12 18:00:00,AAPL,216.85,217.42,216.53,217.39,2390802,market_close,1.0,217.51,216.44,0.0025,217.46,216.49,2.14,0.06,1.31,0.93
2024-08-12 19:00:00,AAPL,217.4,217.67,216.59,217.55,4705100,market_close,1.0,217.78,216.48,0.0007,217.72,216.54,2.4,0.22,1.34,1.13
2024-08-12 20:00:00,AAPL,217.53,217.79,217.45,217.62,884094,market_close,1.0,217.82,217.42,0.0004,217.81,217.43,0.42,0.31,0.01,0.36
2024-08-12 21:00:00,AAPL,217.6,217.68,217.51,217.53,38464,market_close,1.0,217.7,217.49,-0.0003,217.69,217.5,0.05,0.27,0.21,0.18
2024-08-12 22:00:00,AAPL,217.55,217.67,217.55,217.65,8376,market_close,1.0,217.68,217.54,0.0005,217.68,217.54,0.25,0.04,0.13,0.13
2024-08-12 23:00:00,AAPL,217.6,217.77,217.53,217.59,27010,market_close,1.0,217.79,217.51,-0.0,217.78,217.52,0.15,0.32,0.19,0.25
2024-08-13 08:00:00,AAPL,218.31,218.83,218.03,218.54,25269,morning_session,0.0,218.91,217.95,0.0011,218.87,217.99,1.27,0.52,0.35,0.84
2024-08-13 09:00:00,AAPL,218.54,218.7,218.54,218.66,7059,morning_session,0.0,218.72,218.52,0.0005,218.71,218.53,0.3,0.07,0.13,0.17
2024-08-13 10:00:00,AAPL,218.65,218.65,217.56,217.89,25258,morning_session,0.08,218.76,217.45,-0.0035,218.7,217.51,0.82,1.37,0.69,1.14
2024-08-13 11:00:00,AAPL,217.92,218.32,217.85,218.24,25698,morning_session,0.23,218.37,217.8,0.0015,218.34,217.83,0.98,0.14,0.5,0.49
2024-08-13 12:00:00,AAPL,217.97,219.01,217.79,218.5,1700885,lunch_session,0.38,219.13,217.67,0.0024,219.07,217.73,1.78,0.92,0.32,1.28
2024-08-13 13:00:00,AAPL,218.58,221.47,218.15,221.13,7090817,lunch_session,0.54,221.8,217.82,0.0117,221.64,217.98,7.45,0.61,4.22,3.49
2024-08-13 14:00:00,AAPL,221.13,221.71,220.26,220.97,5367106,afternoon_session,0.69,221.85,220.12,-0.0007,221.78,220.19,1.77,1.33,0.05,1.52
2024-08-13 15:00:00,AAPL,220.98,221.6,220.89,221.12,4279692,afternoon_session,0.85,221.67,220.82,0.0006,221.63,220.85,0.58,0.86,0.4,0.74
2024-08-13 16:00:00,AAPL,221.1,221.59,220.92,221.59,2724225,market_close,1.0,221.66,220.85,0.0022,221.62,220.89,1.66,0.01,1.06,0.7
2024-08-13 17:00:00,AAPL,221.57,221.89,220.56,220.93,3139496,market_close,1.0,222.02,220.43,-0.0029,221.96,220.49,0.93,1.73,0.94,1.4
2024-08-13 18:00:00,AAPL,220.93,221.48,220.71,221.23,2358966,market_close,1.0,221.56,220.63,0.0014,221.52,220.67,1.3,0.46,0.42,0.81
2024-08-13 19:00:00,AAPL,221.23,221.31,220.42,221.27,5367035,market_close,1.0,221.4,220.33,0.0002,221.35,220.38,2.13,0.07,1.3,0.93
2024-08-13 20:00:00,AAPL,221.27,221.35,220.01,220.44,3371453,market_close,1.0,221.48,219.88,-0.0038,221.42,219.94,1.08,1.64,0.77,1.41
2024-08-13 21:00:00,AAPL,220.45,220.74,220.41,220.68,32112,market_close,1.0,220.77,220.38,0.001,220.75,220.39,0.68,0.11,0.34,0.34
2024-08-13 22:00:00,AAPL,220.69,220.88,220.5,220.65,23727,market_close,1.0,220.92,220.46,-0.0002,220.9,220.48,0.38,0.41,0.13,0.4
2024-08-13 23:00:00,AAPL,220.6,220.75,220.49,220.7,40300,market_close,1.0,220.78,220.46,0.0005,220.76,220.48,0.52,0.09,0.26,0.27
2024-08-14 08:00:00,AAPL,221.28,221.4,220.77,221.07,42335,morning_session,0.0,221.46,220.71,-0.0009,221.43,220.74,0.75,0.59,0.05,0.66
2024-08-14 09:00:00,AAPL,221.19,221.7,221.12,221.61,15638,morning_session,0.0,221.76,221.06,0.0019,221.73,221.09,1.23,0.16,0.64,0.61
2024-08-14 10:00:00,AAPL,221.69,221.77,221.2,221.35,15651,morning_session,0.08,221.83,221.14,-0.0015,221.8,221.17,0.38,0.76,0.43,0.6
2024-08-14 11:00:00,AAPL,221.33,221.33,220.95,221.04,34261,morning_session,0.23,221.37,220.91,-0.0013,221.35,220.93,0.23,0.52,0.32,0.4
2024-08-14 12:00:00,AAPL,221.2,222.0,220.32,221.41,1333982,lunch_session,0.38,222.17,220.15,0.0009,222.08,220.24,2.73,1.06,0.8,1.76
2024-08-14 13:00:00,AAPL,221.35,222.02,219.7,220.95,6251706,lunch_session,0.54,222.25,219.47,-0.0018,222.14,219.58,3.12,1.93,0.29,2.44
2024-08-14 14:00:00,AAPL,220.94,221.73,220.46,221.69,4979140,afternoon_session,0.69,221.86,220.33,0.0034,221.79,220.39,3.09,0.07,1.91,1.34
2024-08-14 15:00:00,AAPL,221.69,223.03,221.6,222.97,3936281,afternoon_session,0.85,223.17,221.46,0.0058,223.1,221.53,3.43,0.11,2.1,1.5
2024-08-14 16:00:00,AAPL,222.97,222.97,220.38,221.04,4048549,market_close,1.0,223.23,220.12,-0.0087,223.1,220.25,1.65,3.47,2.03,2.72
2024-08-14 17:00:00,AAPL,221.03,221.77,220.88,221.27,3326989,market_close,1.0,221.86,220.79,0.0011,221.81,220.84,0.98,0.9,0.18,0.93
2024-08-14 18:00:00,AAPL,221.26,221.72,220.9,221.57,2910963,market_close,1.0,221.8,220.82,0.0014,221.76,220.86,1.67,0.27,0.83,0.86
2024-08-14 19:00:00,AAPL,221.58,222.35,220.81,221.61,5775363,market_close,1.0,222.5,220.66,0.0001,222.43,220.73,2.0,1.33,0.1,1.62
2024-08-14 20:00:00,AAPL,221.72,221.96,221.49,221.68,2047538,market_close,1.0,222.01,221.44,-0.0002,221.98,221.47,0.47,0.5,0.14,0.49
2024-08-14 21:00:00,AAPL,221.71,221.85,221.58,221.85,14023,market_close,1.0,221.88,221.56,0.0006,221.86,221.57,0.66,0.0,0.43,0.28
2024-08-14 22:00:00,AAPL,221.85,221.85,221.5,221.61,18551,market_close,1.0,221.88,221.47,-0.0011,221.87,221.48,0.27,0.44,0.21,0.37
2024-08-14 23:00:00,AAPL,221.6,222.16,221.59,222.0,53626,market_close,1.0,222.22,221.53,0.0018,222.19,221.56,1.02,0.29,0.4,0.6
2024-08-15 08:00:00,AAPL,222.34,222.71,221.88,222.22,19360,morning_session,0.0,222.79,221.8,-0.0005,222.75,221.84,0.85,0.88,0.24,0.87
2024-08-15 09:00:00,AAPL,222.21,222.48,222.21,222.44,8317,morning_session,0.0,222.51,222.18,0.001,222.49,222.2,0.57,0.07,0.3,0.28
2024-08-15 10:00:00,AAPL,222.46,222.48,221.84,221.84,12569,morning_session,0.08,222.54,221.78,-0.0028,222.51,221.81,0.0,1.15,1.02,0.67
2024-08-15 11:00:00,AAPL,221.91,222.37,221.76,222.28,28423,morning_session,0.23,222.43,221.7,0.0017,222.4,221.73,1.3,0.16,0.69,0.64
2024-08-15 12:00:00,AAPL,221.94,223.71,221.78,223.43,276292,lunch_session,0.38,223.9,221.59,0.0067,223.81,221.68,4.13,0.5,2.19,2.03
2024-08-15 13:00:00,AAPL,223.53,224.87,222.76,224.43,6019266,lunch_session,0.54,225.08,222.55,0.004,224.98,222.65,4.18,0.79,1.97,2.22
2024-08-15 14:00:00,AAPL,224.42,225.35,223.95,224.45,6820985,afternoon_session,0.69,225.49,223.81,0.0001,225.42,223.88,1.25,1.62,0.64,1.47
2024-08-15 15:00:00,AAPL,224.44,224.81,223.84,224.65,3801672,afternoon_session,0.85,224.91,223.74,0.0009,224.86,223.79,2.03,0.3,1.03,1.02
2024-08-15 16:00:00,AAPL,224.65,225.02,224.35,224.57,2865119,market_close,1.0,225.09,224.28,-0.0004,225.05,224.32,0.55,0.81,0.37,0.7
2024-08-15 17:00:00,AAPL,224.56,224.87,224.25,224.68,3300057,market_close,1.0,224.93,224.18,0.0005,224.9,224.21,1.08,0.35,0.38,0.66
2024-08-15 18:00:00,AAPL,224.68,225.19,224.62,225.11,3367895,market_close,1.0,225.25,224.56,0.0019,225.22,224.59,1.23,0.14,0.66,0.6
2024-08-15 19:00:00,AAPL,225.11,225.33,223.84,224.71,6802648,market_close,1.0,225.48,223.7,-0.0018,225.4,223.77,2.16,1.12,0.39,1.56
2024-08-15 20:00:00,AAPL,224.72,224.98,224.25,224.78,818858,market_close,1.0,225.05,224.18,0.0003,225.02,224.21,1.33,0.36,0.53,0.77
2024-08-15 21:00:00,AAPL,224.8,224.9,224.61,224.82,973560,market_close,1.0,224.93,224.58,0.0001,224.91,224.6,0.52,0.14,0.21,0.3
2024-08-15 22:00:00,AAPL,224.83,225.41,224.82,225.39,41762,market_close,1.0,225.47,224.76,0.0025,225.44,224.79,1.42,0.04,0.88,0.62
2024-08-15 23:00:00,AAPL,225.38,225.55,225.15,225.39,38190,market_close,1.0,225.59,225.11,0.0,225.57,225.13,0.6,0.29,0.13,0.42
2024-08-16 08:00:00,AAPL,225.61,225.63,225.3,225.3,36493,morning_session,0.0,225.66,225.27,-0.0014,225.65,225.28,0.0,0.59,0.53,0.35
2024-08-16 09:00:00,AAPL,225.38,225.46,225.31,225.4,11431,morning_session,0.0,225.48,225.3,0.0001,225.47,225.3,0.23,0.11,0.05,0.16
2024-08-16 10:00:00,AAPL,225.37,225.42,225.0,225.2,16211,morning_session,0.08,225.46,224.96,-0.0008,225.44,224.98,0.5,0.4,0.03,0.44
2024-08-16 11:00:00,AAPL,225.27,225.39,224.9,224.9,36525,morning_session,0.23,225.44,224.85,-0.0016,225.41,224.88,0.0,0.88,0.78,0.51
2024-08-16 12:00:00,AAPL,224.9,225.64,223.52,224.04,1544617,lunch_session,0.38,225.85,223.31,-0.0038,225.75,223.41,1.3,2.88,1.73,2.23
2024-08-16 13:00:00,AAPL,224.0,224.9,223.04,224.12,7760219,lunch_session,0.54,225.09,222.85,0.0005,224.99,222.95,2.69,1.41,0.46,1.95
2024-08-16 14:00:00,AAPL,224.08,225.03,223.97,224.16,4659056,afternoon_session,0.69,225.14,223.86,0.0004,225.08,223.91,0.48,1.57,1.08,1.12
2024-08-16 15:00:00,AAPL,224.15,226.04,224.0,225.91,4861187,afternoon_session,0.85,226.24,223.79,0.0079,226.14,223.89,4.8,0.22,2.87,2.15
2024-08-16 16:00:00,AAPL,225.91,226.83,225.78,226.61,4833607,market_close,1.0,226.93,225.68,0.0031,226.88,225.73,2.07,0.4,0.97,1.1
2024-08-16 17:00:00,AAPL,226.61,226.67,225.96,226.14,3078333,market_close,1.0,226.74,225.89,-0.0021,226.71,225.92,0.45,0.95,0.56,0.75
2024-08-16 18:00:00,AAPL,226.14,226.18,225.63,226.13,2995928,market_close,1.0,226.24,225.58,-0.0,226.21,225.6,1.25,0.09,0.72,0.58
2024-08-16 19:00:00,AAPL,226.12,226.21,225.54,226.1,4528040,market_close,1.0,226.28,225.47,-0.0001,226.24,225.51,1.4,0.2,0.72,0.7
2024-08-16 20:00:00,AAPL,226.09,226.21,226.05,226.15,687575,market_close,1.0,226.23,226.03,0.0003,226.22,226.04,0.25,0.11,0.06,0.17
2024-08-16 21:00:00,AAPL,226.15,226.25,226.05,226.22,267067,market_close,1.0,226.27,226.03,0.0003,226.26,226.04,0.42,0.05,0.22,0.21
2024-08-16 22:00:00,AAPL,226.22,226.22,225.98,226.0,28121,market_close,1.0,226.24,225.96,-0.001,226.23,225.97,0.05,0.4,0.32,0.25
2024-08-16 23:00:00,AAPL,226.02,226.02,225.6,225.95,20998,market_close,1.0,226.06,225.56,-0.0003,226.04,225.58,0.87,0.13,0.45,0.44
2024-08-19 08:00:00,AAPL,226.44,226.44,225.2,225.6,29195,morning_session,0.0,226.56,225.08,-0.0037,226.5,225.14,1.0,1.51,0.7,1.3
2024-08-19 09:00:00,AAPL,225.6,225.69,225.3,225.38,17407,morning_session,0.0,225.73,225.26,-0.001,225.71,225.28,0.2,0.56,0.37,0.41
2024-08-19 10:00:00,AAPL,225.43,225.46,225.0,225.1,29364,morning_session,0.08,225.51,224.95,-0.0015,225.48,224.98,0.25,0.65,0.42,0.48
2024-08-19 11:00:00,AAPL,225.19,226.03,225.19,225.98,47664,morning_session,0.23,226.11,225.11,0.0035,226.07,225.15,1.97,0.09,1.18,0.88
2024-08-19 12:00:00,AAPL,225.35,226.44,224.89,226.09,139332,lunch_session,0.38,226.6,224.74,0.0033,226.52,224.81,3.01,0.62,1.37,1.63
2024-08-19 13:00:00,AAPL,226.13,226.14,224.12,224.4,4820787,lunch_session,0.54,226.34,223.91,-0.0077,226.24,224.01,0.71,3.13,2.33,2.13
2024-08-19 14:00:00,AAPL,224.4,224.52,223.04,224.21,6703338,afternoon_session,0.69,224.67,222.89,-0.0008,224.59,222.97,2.93,0.56,1.38,1.55
2024-08-19 15:00:00,AAPL,224.23,224.73,223.75,223.86,3566558,afternoon_session,0.85,224.83,223.65,-0.0016,224.78,223.7,0.29,1.56,1.2,1.03
2024-08-19 16:00:00,AAPL,223.88,224.47,223.8,224.38,3101943,market_close,1.0,224.53,223.73,0.0022,224.5,223.77,1.44,0.16,0.78,0.7
2024-08-19 17:00:00,AAPL,224.36,224.43,223.75,224.31,2742787,market_close,1.0,224.5,223.68,-0.0002,224.46,223.72,1.41,0.21,0.72,0.71
2024-08-19 18:00:00,AAPL,224.31,224.92,224.28,224.78,3673649,market_close,1.0,224.98,224.22,0.0021,224.95,224.25,1.26,0.24,0.59,0.67
2024-08-19 19:00:00,AAPL,224.78,225.99,224.67,225.9,6235226,market_close,1.0,226.12,224.54,0.005,226.06,224.6,3.08,0.16,1.82,1.39
2024-08-19 20:00:00,AAPL,225.89,226.0,225.65,225.84,2299042,market_close,1.0,226.04,225.62,-0.0002,226.02,225.63,0.47,0.29,0.05,0.37
2024-08-19 21:00:00,AAPL,225.83,225.89,225.71,225.81,80306,market_close,1.0,225.91,225.69,-0.0001,225.9,225.7,0.25,0.15,0.03,0.19
2024-08-19 22:00:00,AAPL,225.81,226.06,225.8,225.9,43733,market_close,1.0,226.09,225.77,0.0004,226.07,225.79,0.25,0.29,0.09,0.27
2024-08-19 23:00:00,AAPL,225.92,225.97,225.68,225.7,13136,market_close,1.0,226.0,225.66,-0.001,225.98,225.67,0.04,0.49,0.41,0.3
2024-08-20 08:00:00,AAPL,226.11,226.19,225.69,225.79,26312,morning_session,0.0,226.24,225.64,-0.0014,226.22,225.66,0.25,0.72,0.48,0.52
2024-08-20 09:00:00,AAPL,225.81,226.18,225.81,226.05,7328,morning_session,0.0,226.22,225.77,0.0011,226.2,225.79,0.6,0.23,0.18,0.39
2024-08-20 10:00:00,AAPL,225.98,226.27,225.96,226.21,10844,morning_session,0.08,226.3,225.93,0.001,226.29,225.94,0.62,0.11,0.3,0.33
2024-08-20 11:00:00,AAPL,226.12,226.16,225.92,226.0,17163,morning_session,0.23,226.18,225.9,-0.0005,226.17,225.91,0.2,0.29,0.13,0.25
2024-08-20 12:00:00,AAPL,225.99,226.2,225.67,225.9,88489,lunch_session,0.38,226.25,225.62,-0.0004,226.23,225.64,0.58,0.54,0.11,0.56
2024-08-20 13:00:00,AAPL,225.98,227.17,225.11,227.02,4940293,lunch_session,0.54,227.38,224.9,0.0046,227.27,225.01,4.77,0.27,2.82,2.16
2024-08-20 14:00:00,AAPL,227.02,227.1,225.71,225.96,4802615,afternoon_session,0.69,227.24,225.57,-0.0047,227.17,225.64,0.62,2.05,1.42,1.46
2024-08-20 15:00:00,AAPL,225.96,226.98,225.86,226.93,2719257,afternoon_session,0.85,227.09,225.75,0.0043,227.03,225.8,2.67,0.09,1.63,1.17
2024-08-20 16:00:00,AAPL,226.92,227.1,226.46,226.52,2277308,market_close,1.0,227.16,226.4,-0.0018,227.13,226.43,0.15,1.04,0.83,0.67
2024-08-20 17:00:00,AAPL,226.53,226.79,226.11,226.76,1869887,market_close,1.0,226.86,226.04,0.001,226.82,226.08,1.62,0.05,0.99,0.71
2024-08-20 18:00:00,AAPL,226.75,227.11,226.52,226.53,2093844,market_close,1.0,227.17,226.46,-0.001,227.14,226.49,0.01,1.05,0.93,0.62
2024-08-20 19:00:00,AAPL,226.52,226.93,226.19,226.51,3962199,market_close,1.0,227.0,226.12,-0.0,226.97,226.15,0.8,0.76,0.16,0.78
2024-08-20 20:00:00,AAPL,226.51,226.89,226.45,226.53,2689306,market_close,1.0,226.93,226.41,0.0001,226.91,226.43,0.2,0.65,0.45,0.46
2024-08-20 21:00:00,AAPL,226.58,226.66,226.45,226.45,316276,market_close,1.0,226.68,226.43,-0.0006,226.67,226.44,0.0,0.38,0.34,0.22
2024-08-20 22:00:00,AAPL,226.53,226.84,226.32,226.36,26581,market_close,1.0,226.89,226.27,-0.0008,226.87,226.29,0.1,0.87,0.71,0.55
2024-08-20 23:00:00,AAPL,226.52,227.0,226.44,226.55,33006,market_close,1.0,227.06,226.38,0.0001,227.03,226.41,0.28,0.81,0.54,0.59
2024-08-21 08:00:00,AAPL,225.89,226.89,225.89,226.73,8210,morning_session,0.0,226.99,225.79,0.0037,226.94,225.84,2.1,0.29,1.09,1.05
2024-08-21 09:00:00,AAPL,226.63,226.69,226.5,226.58,6280,morning_session,0.0,226.71,226.48,-0.0002,226.7,226.49,0.2,0.2,0.05,0.2
2024-08-21 10:00:00,AAPL,226.6,227.01,226.55,227.01,10466,morning_session,0.08,227.06,226.5,0.0018,227.03,226.53,1.15,0.0,0.74,0.48
2024-08-21 11:00:00,AAPL,226.99,227.0,226.72,226.92,21919,morning_session,0.23,227.03,226.69,-0.0003,227.01,226.71,0.5,0.14,0.19,0.29
2024-08-21 12:00:00,AAPL,227.0,227.08,225.94,226.84,1716531,lunch_session,0.38,227.19,225.83,-0.0007,227.14,225.89,2.24,0.43,1.05,1.19
2024-08-21 13:00:00,AAPL,226.84,227.07,225.91,227.06,3689665,lunch_session,0.54,227.19,225.79,0.001,227.13,225.85,2.88,0.02,1.82,1.22
2024-08-21 14:00:00,AAPL,227.07,227.98,225.87,226.28,5735852,afternoon_session,0.69,228.19,225.66,-0.0035,228.09,225.76,1.02,3.06,2.06,2.22
2024-08-21 15:00:00,AAPL,226.26,226.98,225.76,226.21,3246058,afternoon_session,0.85,227.1,225.64,-0.0002,227.04,225.7,1.13,1.39,0.51,1.28
2024-08-21 16:00:00,AAPL,226.21,226.5,225.63,226.42,2274607,market_close,1.0,226.59,225.55,0.001,226.55,225.59,1.96,0.15,1.12,0.91
2024-08-21 17:00:00,AAPL,226.42,226.46,225.83,226.15,2099594,market_close,1.0,226.52,225.77,-0.0012,226.49,225.8,0.8,0.56,0.02,0.66
2024-08-21 18:00:00,AAPL,226.17,226.58,225.86,226.42,2718622,market_close,1.0,226.65,225.79,0.0011,226.62,225.82,1.39,0.3,0.63,0.76
2024-08-21 19:00:00,AAPL,226.41,226.56,225.05,226.36,5462526,market_close,1.0,226.71,224.9,-0.0002,226.64,224.97,3.28,0.36,1.78,1.59
2024-08-21 20:00:00,AAPL,226.4,226.73,226.38,226.64,1320379,market_close,1.0,226.76,226.34,0.0011,226.75,226.36,0.65,0.16,0.27,0.37
2024-08-21 21:00:00,AAPL,226.65,226.67,226.09,226.67,1325441,market_close,1.0,226.73,226.04,0.0001,226.7,226.06,1.43,0.01,0.91,0.61
2024-08-21 22:00:00,AAPL,226.69,226.85,226.57,226.65,12550,market_close,1.0,226.88,226.54,-0.0002,226.86,226.56,0.2,0.36,0.19,0.29
2024-08-21 23:00:00,AAPL,226.74,226.79,226.59,226.59,23197,market_close,1.0,226.81,226.57,-0.0007,226.8,226.58,0.0,0.36,0.32,0.21
2024-08-22 08:00:00,AAPL,226.2,226.61,226.2,226.45,11949,morning_session,0.0,226.65,226.16,0.0011,226.63,226.18,0.62,0.29,0.14,0.43
2024-08-22 09:00:00,AAPL,226.57,226.59,226.4,226.4,3836,morning_session,0.0,226.61,226.38,-0.0008,226.6,226.39,0.0,0.34,0.3,0.2
2024-08-22 10:00:00,AAPL,226.46,227.57,226.45,227.57,18227,morning_session,0.08,227.68,226.34,0.0049,227.63,226.39,2.8,0.0,1.79,1.18
2024-08-22 11:00:00,AAPL,227.12,227.75,224.8,227.74,99636,morning_session,0.23,228.04,224.51,0.0027,227.9,224.65,7.35,0.02,4.69,3.1
2024-08-22 12:00:00,AAPL,226.44,227.8,226.1,227.52,139234,lunch_session,0.38,227.97,225.93,0.0048,227.89,226.02,3.55,0.5,1.82,1.78
2024-08-22 13:00:00,AAPL,227.57,228.34,226.69,227.93,5274284,lunch_session,0.54,228.5,226.52,0.0016,228.42,226.61,3.1,0.74,1.33,1.73
2024-08-22 14:00:00,AAPL,227.96,228.29,226.37,226.78,4800514,afternoon_session,0.69,228.48,226.18,-0.0052,228.39,226.27,1.04,2.71,1.74,2.02
2024-08-22 15:00:00,AAPL,226.78,227.21,224.92,225.51,4093175,afternoon_session,0.85,227.44,224.69,-0.0056,227.32,224.81,1.48,3.06,1.78,2.4
2024-08-22 16:00:00,AAPL,225.51,226.61,225.32,225.5,2684203,market_close,1.0,226.74,225.19,-0.0,226.67,225.26,0.46,1.99,1.47,1.35
2024-08-22 17:00:00,AAPL,225.51,225.82,224.01,224.39,3848099,market_close,1.0,226.0,223.83,-0.005,225.91,223.92,0.95,2.57,1.68,1.9
2024-08-22 18:00:00,AAPL,224.4,224.93,223.9,224.4,2703397,market_close,1.0,225.03,223.8,0.0,224.98,223.85,1.25,0.95,0.05,1.08
2024-08-22 19:00:00,AAPL,224.4,224.95,224.03,224.53,6390562,market_close,1.0,225.04,223.94,0.0006,225.0,223.98,1.25,0.76,0.13,0.97
2024-08-22 20:00:00,AAPL,224.57,224.98,224.53,224.83,1668537,market_close,1.0,225.02,224.48,0.0012,225.0,224.51,0.75,0.27,0.24,0.47
2024-08-22 21:00:00,AAPL,224.85,225.08,224.53,225.08,226322,market_close,1.0,225.14,224.48,0.001,225.11,224.5,1.38,0.0,0.88,0.58
2024-08-22 22:00:00,AAPL,225.08,225.19,224.95,225.05,9048,market_close,1.0,225.21,224.93,-0.0001,225.2,224.94,0.25,0.25,0.06,0.25
2024-08-22 23:00:00,AAPL,225.04,225.11,224.94,225.0,16798,market_close,1.0,225.13,224.92,-0.0002,225.12,224.93,0.15,0.2,0.08,0.18
2024-08-23 08:00:00,AAPL,225.5,225.65,225.11,225.65,11389,morning_session,0.0,225.7,225.06,0.0007,225.68,225.08,1.35,0.0,0.86,0.57
2024-08-23 09:00:00,AAPL,225.71,225.75,225.5,225.7,7807,morning_session,0.0,225.78,225.48,-0.0,225.76,225.49,0.5,0.09,0.24,0.26
2024-08-23 10:00:00,AAPL,225.65,225.96,225.57,225.96,5106,morning_session,0.08,226.0,225.53,0.0014,225.98,225.55,0.98,0.0,0.62,0.41
2024-08-23 11:00:00,AAPL,225.87,226.14,225.83,226.14,21210,morning_session,0.23,226.17,225.8,0.0012,226.16,225.81,0.77,0.0,0.5,0.33
2024-08-23 12:00:00,AAPL,225.99,226.38,225.05,226.34,110372,lunch_session,0.38,226.51,224.92,0.0015,226.45,224.98,3.22,0.07,2.0,1.4
2024-08-23 13:00:00,AAPL,226.34,227.39,224.53,227.04,4321539,lunch_session,0.54,227.68,224.24,0.0031,227.53,224.39,6.27,0.63,3.46,3.0
2024-08-23 14:00:00,AAPL,227.06,228.22,225.51,226.24,7369083,afternoon_session,0.69,228.49,225.24,-0.0036,228.36,225.37,1.82,3.56,2.0,2.85
2024-08-23 15:00:00,AAPL,226.21,226.74,225.19,225.84,3733769,afternoon_session,0.85,226.89,225.04,-0.0016,226.82,225.11,1.62,1.62,0.4,1.63
2024-08-23 16:00:00,AAPL,225.85,225.91,224.33,225.3,3293014,market_close,1.0,226.06,224.17,-0.0024,225.98,224.25,2.42,1.09,0.58,1.65
2024-08-23 17:00:00,AAPL,225.33,226.51,225.15,226.21,2276262,market_close,1.0,226.65,225.01,0.0039,226.58,225.08,2.65,0.54,1.22,1.43
2024-08-23 18:00:00,AAPL,226.21,226.7,226.11,226.47,2039783,market_close,1.0,226.76,226.05,0.0011,226.73,226.08,0.9,0.41,0.21,0.62
2024-08-23 19:00:00,AAPL,226.47,227.17,226.22,226.77,5291275,market_close,1.0,227.26,226.13,0.0013,227.21,226.17,1.38,0.71,0.26,0.99
2024-08-23 20:00:00,AAPL,226.84,227.09,226.8,226.95,3405135,market_close,1.0,227.12,226.77,0.0005,227.1,226.79,0.37,0.25,0.02,0.3
2024-08-23 21:00:00,AAPL,226.99,226.99,226.9,226.98,14475,market_close,1.0,227.0,226.89,-0.0001,226.99,226.9,0.2,0.02,0.11,0.09
2024-08-23 22:00:00,AAPL,226.98,227.1,226.98,227.1,13241,market_close,1.0,227.11,226.97,0.0005,227.11,226.97,0.3,0.0,0.19,0.13
2024-08-23 23:00:00,AAPL,227.13,227.17,227.01,227.16,18028,market_close,1.0,227.19,226.99,0.0001,227.18,227.0,0.38,0.01,0.23,0.17
2024-08-26 08:00:00,AAPL,226.75,227.38,226.75,227.31,15209,morning_session,0.0,227.44,226.69,0.0025,227.41,226.72,1.4,0.13,0.78,0.66
2024-08-26 09:00:00,AAPL,227.39,227.53,227.35,227.43,8146,morning_session,0.0,227.55,227.33,0.0002,227.54,227.34,0.2,0.18,0.03,0.19
2024-08-26 10:00:00,AAPL,227.44,227.49,227.24,227.25,4847,morning_session,0.08,227.52,227.22,-0.0008,227.5,227.23,0.02,0.43,0.37,0.26
2024-08-26 11:00:00,AAPL,227.24,227.35,226.0,226.64,44982,morning_session,0.23,227.48,225.86,-0.0026,227.42,225.93,1.6,1.28,0.11,1.42
2024-08-26 12:00:00,AAPL,227.3,227.36,226.27,227.0,179625,lunch_session,0.38,227.47,226.16,-0.0013,227.41,226.22,1.82,0.65,0.59,1.14
2024-08-26 13:00:00,AAPL,227.04,227.22,226.03,226.34,3278673,lunch_session,0.54,227.34,225.91,-0.0031,227.28,225.97,0.78,1.58,0.91,1.25
2024-08-26 14:00:00,AAPL,226.35,226.72,223.89,224.82,5078557,afternoon_session,0.69,227.0,223.61,-0.0068,226.86,223.75,2.32,3.42,1.55,2.97
2024-08-26 15:00:00,AAPL,224.81,225.4,224.54,224.87,2856096,afternoon_session,0.85,225.49,224.45,0.0003,225.44,224.5,0.83,0.95,0.32,0.9
2024-08-26 16:00:00,AAPL,224.84,226.24,224.64,226.19,3026496,market_close,1.0,226.4,224.48,0.006,226.32,224.56,3.86,0.1,2.38,1.68
2024-08-26 17:00:00,AAPL,226.19,226.43,225.44,225.6,2339700,market_close,1.0,226.52,225.34,-0.0026,226.47,225.39,0.39,1.49,1.07,1.03
2024-08-26 18:00:00,AAPL,225.61,226.34,225.46,226.32,2032013,market_close,1.0,226.43,225.37,0.0032,226.38,225.42,2.16,0.03,1.36,0.92
2024-08-26 19:00:00,AAPL,226.32,227.28,226.12,227.22,4957974,market_close,1.0,227.4,226.0,0.004,227.34,226.06,2.76,0.11,1.67,1.22
2024-08-26 20:00:00,AAPL,227.18,227.21,223.3,225.67,836402,market_close,1.0,227.6,222.91,-0.0066,227.41,223.1,5.92,2.77,1.33,4.11
2024-08-26 21:00:00,AAPL,225.71,226.32,225.5,226.1,89139,market_close,1.0,226.4,225.42,0.0017,226.36,225.46,1.5,0.4,0.61,0.86
2024-08-26 22:00:00,AAPL,226.08,226.14,225.51,225.97,38751,market_close,1.0,226.2,225.45,-0.0005,226.17,225.48,1.15,0.31,0.46,0.66
2024-08-26 23:00:00,AAPL,225.9,226.5,225.86,226.5,31590,market_close,1.0,226.56,225.8,0.0027,226.53,225.83,1.6,0.0,1.02,0.67
2024-08-27 08:00:00,AAPL,226.09,227.34,226.09,226.73,22309,morning_session,0.0,227.46,225.96,0.0028,227.4,226.03,1.6,1.1,0.05,1.31
2024-08-27 09:00:00,AAPL,226.66,227.19,226.64,226.83,12224,morning_session,0.0,227.24,226.58,0.0008,227.22,226.61,0.48,0.65,0.27,0.58
2024-08-27 10:00:00,AAPL,226.89,226.89,226.34,226.38,17159,morning_session,0.08,226.94,226.28,-0.0022,226.92,226.31,0.1,0.92,0.75,0.58
2024-08-27 11:00:00,AAPL,226.44,226.7,225.5,226.0,49664,morning_session,0.23,226.82,225.38,-0.0019,226.76,225.44,1.25,1.26,0.32,1.26
2024-08-27 12:00:00,AAPL,226.54,226.68,225.51,225.7,116242,lunch_session,0.38,226.8,225.39,-0.0037,226.74,225.45,0.47,1.76,1.26,1.23
2024-08-27 13:00:00,AAPL,225.7,226.84,224.89,226.75,4186609,lunch_session,0.54,227.04,224.7,0.0046,226.94,224.79,4.64,0.17,2.82,2.05
2024-08-27 14:00:00,AAPL,226.75,228.32,226.75,228.31,6560206,afternoon_session,0.69,228.48,226.59,0.0069,228.4,226.67,3.9,0.02,2.48,1.65
2024-08-27 15:00:00,AAPL,228.32,228.85,227.98,228.16,3754930,afternoon_session,0.85,228.94,227.89,-0.0007,228.89,227.93,0.47,1.23,0.8,0.92
2024-08-27 16:00:00,AAPL,228.15,228.49,227.55,228.09,2438615,market_close,1.0,228.58,227.46,-0.0002,228.54,227.5,1.35,0.72,0.22,0.99
2024-08-27 17:00:00,AAPL,228.08,228.66,227.83,228.53,1994498,market_close,1.0,228.75,227.75,0.0019,228.71,227.79,1.74,0.25,0.89,0.88
2024-08-27 18:00:00,AAPL,228.53,228.59,228.26,228.43,1799354,market_close,1.0,228.62,228.23,-0.0004,228.6,228.24,0.43,0.28,0.02,0.34
2024-08-27 19:00:00,AAPL,228.43,228.44,227.75,228.14,4451484,market_close,1.0,228.51,227.68,-0.0013,228.48,227.72,0.97,0.55,0.14,0.73
2024-08-27 20:00:00,AAPL,228.03,228.2,227.91,228.05,5333736,market_close,1.0,228.23,227.88,0.0001,228.21,227.9,0.35,0.27,0.02,0.3
2024-08-27 21:00:00,AAPL,228.09,228.09,227.81,227.85,26216,market_close,1.0,228.12,227.78,-0.0011,228.1,227.8,0.1,0.43,0.32,0.29
2024-08-27 22:00:00,AAPL,227.85,227.98,227.45,227.73,23707,market_close,1.0,228.03,227.4,-0.0005,228.01,227.42,0.7,0.45,0.05,0.56
2024-08-27 23:00:00,AAPL,227.62,227.8,227.3,227.3,27002,market_close,1.0,227.85,227.25,-0.0014,227.82,227.28,0.0,0.9,0.8,0.52
2024-08-28 08:00:00,AAPL,228.0,229.0,228.0,228.9,30125,morning_session,0.0,229.1,227.9,0.0039,229.05,227.95,2.25,0.18,1.28,1.05
2024-08-28 09:00:00,AAPL,228.9,228.97,228.58,228.58,9152,morning_session,0.0,229.01,228.54,-0.0014,228.99,228.56,0.0,0.7,0.62,0.41
2024-08-28 10:00:00,AAPL,228.61,228.66,228.5,228.65,7706,morning_session,0.08,228.68,228.48,0.0002,228.67,228.49,0.38,0.02,0.22,0.17
2024-08-28 11:00:00,AAPL,228.54,228.68,228.23,228.25,18793,morning_session,0.23,228.73,228.18,-0.0013,228.7,228.21,0.05,0.77,0.66,0.47
2024-08-28 12:00:00,AAPL,228.6,228.6,227.84,228.28,82647,lunch_session,0.38,228.68,227.76,-0.0014,228.64,227.8,1.1,0.58,0.19,0.8
2024-08-28 13:00:00,AAPL,228.3,229.64,227.58,228.6,4822399,lunch_session,0.54,229.85,227.37,0.0013,229.74,227.48,2.55,1.87,0.03,2.16
2024-08-28 14:00:00,AAPL,228.6,229.86,227.43,227.48,6619951,afternoon_session,0.69,230.1,227.19,-0.0049,229.98,227.31,0.12,4.28,3.73,2.55
2024-08-28 15:00:00,AAPL,227.45,227.71,226.26,226.83,4569352,afternoon_session,0.85,227.86,226.11,-0.0027,227.78,226.19,1.43,1.58,0.5,1.52
2024-08-28 16:00:00,AAPL,226.82,227.57,226.65,227.52,3963824,market_close,1.0,227.66,226.56,0.0031,227.62,226.6,2.17,0.1,1.31,0.97
2024-08-28 17:00:00,AAPL,227.51,227.76,225.81,225.9,2426829,market_close,1.0,227.96,225.61,-0.0071,227.86,225.71,0.22,3.36,2.84,2.05
2024-08-28 18:00:00,AAPL,225.9,227.23,225.68,227.16,2463866,market_close,1.0,227.38,225.53,0.0056,227.31,225.6,3.71,0.12,2.27,1.63
2024-08-28 19:00:00,AAPL,227.16,227.64,226.25,226.51,5424529,market_close,1.0,227.78,226.11,-0.0029,227.71,226.18,0.65,2.03,1.39,1.46
2024-08-28 20:00:00,AAPL,226.45,226.49,225.59,225.7,1098572,market_close,1.0,226.58,225.5,-0.0033,226.54,225.54,0.27,1.42,1.09,0.95
2024-08-28 21:00:00,AAPL,225.8,226.5,225.75,226.25,172739,market_close,1.0,226.58,225.68,0.002,226.54,225.71,1.25,0.45,0.4,0.79
2024-08-28 22:00:00,AAPL,226.41,226.99,225.53,225.64,97654,market_close,1.0,227.14,225.38,-0.0034,227.06,225.46,0.27,2.43,1.99,1.53
2024-08-28 23:00:00,AAPL,225.63,226.4,225.63,225.7,42776,market_close,1.0,226.48,225.55,0.0003,226.44,225.59,0.17,1.26,1.01,0.81
2024-08-29 08:00:00,AAPL,226.89,228.8,226.89,228.77,63678,morning_session,0.0,228.99,226.7,0.0083,228.9,226.79,4.7,0.05,2.96,2.01
2024-08-29 09:00:00,AAPL,228.73,229.38,228.63,229.21,75500,morning_session,0.0,229.46,228.56,0.0021,229.42,228.59,1.45,0.31,0.66,0.79
2024-08-29 10:00:00,AAPL,229.33,229.74,228.9,229.25,55660,morning_session,0.08,229.82,228.82,-0.0003,229.78,228.86,0.87,0.88,0.22,0.88
2024-08-29 11:00:00,AAPL,229.25,230.39,229.16,229.98,263178,morning_session,0.23,230.51,229.04,0.0032,230.45,229.1,2.05,0.74,0.66,1.29
2024-08-29 12:00:00,AAPL,229.4,230.6,226.49,226.49,555893,lunch_session,0.38,231.01,226.08,-0.0127,230.81,226.28,0.0,7.4,6.58,4.32
2024-08-29 13:00:00,AAPL,230.37,231.66,228.88,231.57,10330873,lunch_session,0.54,231.94,228.6,0.0052,231.8,228.74,6.72,0.16,4.16,2.92
2024-08-29 14:00:00,AAPL,231.58,232.72,230.31,232.37,8214967,afternoon_session,0.69,232.97,230.07,0.0034,232.85,230.19,5.15,0.64,2.73,2.54
2024-08-29 15:00:00,AAPL,232.34,232.92,231.49,231.68,5168679,afternoon_session,0.85,233.06,231.35,-0.0028,232.99,231.42,0.47,2.23,1.68,1.5
2024-08-29 16:00:00,AAPL,231.67,232.71,231.6,232.54,4906789,market_close,1.0,232.82,231.49,0.0038,232.77,231.54,2.35,0.31,1.23,1.17
2024-08-29 17:00:00,AAPL,232.53,232.58,231.34,231.74,3802664,market_close,1.0,232.7,231.22,-0.0034,232.64,231.28,1.0,1.51,0.7,1.3
2024-08-29 18:00:00,AAPL,231.75,231.75,229.85,230.45,4884563,market_close,1.0,231.94,229.66,-0.0056,231.84,229.76,1.5,2.34,1.12,2.0
2024-08-29 19:00:00,AAPL,230.43,230.78,229.33,229.83,6870026,market_close,1.0,230.92,229.18,-0.0026,230.85,229.26,1.25,1.71,0.72,1.52
2024-08-29 20:00:00,AAPL,229.79,230.25,229.3,230.25,737168,market_close,1.0,230.34,229.2,0.002,230.3,229.25,2.37,0.0,1.52,1.0
2024-08-29 21:00:00,AAPL,230.24,230.34,229.79,230.33,231015,market_close,1.0,230.39,229.74,0.0004,230.37,229.76,1.35,0.02,0.85,0.58
2024-08-29 22:00:00,AAPL,230.33,230.33,229.88,230.1,52395,market_close,1.0,230.38,229.83,-0.001,230.35,229.86,0.55,0.41,0.02,0.47
2024-08-29 23:00:00,AAPL,230.02,230.3,230.0,230.29,23253,market_close,1.0,230.33,229.97,0.0012,230.32,229.98,0.72,0.02,0.45,0.32
2024-08-30 08:00:00,AAPL,230.55,231.09,230.55,230.64,25870,morning_session,0.0,231.14,230.5,0.0004,231.12,230.52,0.22,0.81,0.58,0.57
2024-08-30 09:00:00,AAPL,230.68,230.89,230.64,230.89,13130,morning_session,0.0,230.92,230.61,0.0009,230.9,230.63,0.62,0.0,0.4,0.26
2024-08-30 10:00:00,AAPL,230.85,231.29,230.8,231.27,28113,morning_session,0.08,231.34,230.75,0.0018,231.31,230.78,1.17,0.04,0.72,0.51
2024-08-30 11:00:00,AAPL,231.29,231.29,230.91,230.99,36248,morning_session,0.23,231.33,230.87,-0.0013,231.31,230.89,0.2,0.54,0.35,0.4
2024-08-30 12:00:00,AAPL,231.3,231.75,229.88,230.6,238413,lunch_session,0.38,231.94,229.69,-0.003,231.84,229.79,1.8,2.07,0.68,1.96
2024-08-30 13:00:00,AAPL,230.67,230.84,228.81,229.07,5556989,lunch_session,0.54,231.04,228.61,-0.0069,230.94,228.71,0.65,3.19,2.42,2.13
2024-08-30 14:00:00,AAPL,229.1,230.01,228.54,228.69,5542681,afternoon_session,0.69,230.16,228.39,-0.0018,230.08,228.47,0.37,2.38,1.87,1.54
2024-08-30 15:00:00,AAPL,228.7,229.0,227.54,228.62,4336978,afternoon_session,0.85,229.15,227.4,-0.0003,229.07,227.47,2.69,0.68,1.11,1.53
2024-08-30 16:00:00,AAPL,228.61,228.88,227.48,228.36,3015780,market_close,1.0,229.01,227.34,-0.0011,228.94,227.41,2.2,0.93,0.58,1.46
2024-08-30 17:00:00,AAPL,228.37,228.72,227.68,227.76,2088391,market_close,1.0,228.82,227.58,-0.0027,228.77,227.63,0.2,1.73,1.41,1.09
2024-08-30 18:00:00,AAPL,227.77,228.69,227.66,228.56,2805025,market_close,1.0,228.79,227.56,0.0035,228.74,227.61,2.25,0.23,1.23,1.08
2024-08-30 19:00:00,AAPL,228.56,229.85,228.24,228.86,8804170,market_close,1.0,230.01,228.08,0.0013,229.93,228.16,1.55,1.78,0.59,1.69
2024-08-30 20:00:00,AAPL,229.0,229.23,228.65,228.98,1628116,market_close,1.0,229.29,228.59,-0.0001,229.26,228.62,0.83,0.45,0.13,0.61
2024-08-30 21:00:00,AAPL,229.0,229.16,229.0,229.15,23673,market_close,1.0,229.18,228.98,0.0007,229.17,228.99,0.38,0.02,0.22,0.17
2024-08-30 22:00:00,AAPL,229.09,229.15,229.0,229.15,16006,market_close,1.0,229.17,228.98,0.0003,229.16,228.99,0.38,0.0,0.24,0.16
2024-08-30 23:00:00,AAPL,229.14,229.2,229.04,229.11,14159,market_close,1.0,229.21,229.03,-0.0001,229.21,229.03,0.17,0.16,0.03,0.16
