datetime,symbol,hour_open,hour_high,hour_low,hour_close,hour_volume,day_open,day_high,day_low,day_close,day_volume,week_open,week_high,week_low,week_close,week_volume,market_period,day_progress,hour_envelope_top,hour_envelope_bot,hour_pldot,hour_oneone_high,hour_oneone_low,hour_z1b,hour_z2b,hour_z5t,hour_z6t,day_envelope_top,day_envelope_bot,day_pldot,day_oneone_high,day_oneone_low,day_z1b,day_z2b,day_z5t,day_z6t,week_envelope_top,week_envelope_bot,week_pldot,week_oneone_high,week_oneone_low,week_z1b,week_z2b,week_z5t,week_z6t
2025-08-01 09:30:00,AAPL,207.67,208.67,204.83,208.07,13990146,210.87,213.58,201.5,202.38,104434500,203.39,223.59,191.51,202.38,441061826,market_open,0.0,208.67,204.83,0.0,208.67,204.83,3.25,0.6,3.25,3.85,208.67,204.83,0.0,208.67,204.83,3.25,0.6,3.25,3.85,208.67,204.83,0.0,208.67,204.83,3.25,0.6,3.25,3.85
2025-08-01 11:00:00,AAPL,208.53,209.88,208.53,209.56,20556944,210.87,213.58,201.5,202.38,104434500,218.12,222.73,189.31,202.38,587801440,morning_mid,0.2,209.88,208.53,0.0,209.88,208.53,1.02,0.32,1.02,1.35,209.88,208.53,0.0,209.88,208.53,1.02,0.32,1.02,1.35,209.88,208.53,0.0,209.88,208.53,1.02,0.32,1.02,1.35
2025-08-01 12:30:00,AAPL,210.12,210.91,209.63,210.82,19489707,210.87,213.58,201.5,202.38,104434500,217.47,219.01,191.9,202.38,506978268,lunch_time,0.4,210.91,209.63,0.0,210.91,209.63,1.2,0.09,1.2,1.29,210.91,209.63,0.0,210.91,209.63,1.2,0.09,1.2,1.29,210.91,209.63,0.0,210.91,209.63,1.2,0.09,1.2,1.29
2025-08-01 14:00:00,AAPL,210.13,210.84,209.86,210.84,14756959,210.87,213.58,201.5,202.38,104434500,207.97,228.6,186.88,202.38,540380872,afternoon_start,0.6,210.84,209.86,0.0,210.84,209.86,0.98,0.0,0.98,0.98,210.84,209.86,0.0,210.84,209.86,0.98,0.0,0.98,0.98,210.84,209.86,0.0,210.84,209.86,0.98,0.0,0.98,0.98
2025-08-01 15:30:00,AAPL,209.7,210.22,208.85,210.22,17667674,210.87,213.58,201.5,202.38,104434500,213.26,230.06,195.29,202.38,610830302,market_close_approach,0.8,210.22,208.85,0.0,210.22,208.85,1.38,0.0,1.38,1.38,210.22,208.85,0.0,210.22,208.85,1.38,0.0,1.38,1.38,210.22,208.85,0.0,210.22,208.85,1.38,0.0,1.38,1.38
2025-08-01 16:00:00,AAPL,206.85,207.99,206.85,207.33,19908956,210.87,213.58,201.5,202.38,104434500,213.43,218.6,189.09,202.38,492280719,market_close,1.0,207.99,206.85,0.0,207.99,206.85,0.47,0.66,0.47,1.13,207.99,206.85,0.0,207.99,206.85,0.47,0.66,0.47,1.13,207.99,206.85,0.0,207.99,206.85,0.47,0.66,0.47,1.13
2025-08-04 09:30:00,AAPL,204.59,205.38,204.59,204.59,14173659,204.51,207.88,201.68,203.35,75109300,200.13,214.66,189.03,203.35,374440355,market_open,0.0,205.38,204.59,0.0,205.38,204.59,0.0,0.78,0.0,0.78,205.38,204.59,0.0,205.38,204.59,0.0,0.78,0.0,0.78,205.38,204.59,0.0,205.38,204.59,0.0,0.78,0.0,0.78
2025-08-04 11:00:00,AAPL,205.86,206.81,204.76,205.76,13686375,204.51,207.88,201.68,203.35,75109300,203.16,219.29,195.25,203.35,439027101,morning_mid,0.2,206.81,204.76,0.0,206.81,204.76,1.0,1.05,1.0,2.05,206.81,204.76,0.0,206.81,204.76,1.0,1.05,1.0,2.05,206.81,204.76,0.0,206.81,204.76,1.0,1.05,1.0,2.05
2025-08-04 12:30:00,AAPL,205.87,206.6,205.87,205.87,10529421,204.51,207.88,201.68,203.35,75109300,197.54,216.15,189.11,203.35,335775040,lunch_time,0.4,206.6,205.87,0.0,206.6,205.87,0.0,0.73,0.0,0.73,206.6,205.87,0.0,206.6,205.87,0.0,0.73,0.0,0.73,206.6,205.87,0.0,206.6,205.87,0.0,0.73,0.0,0.73
2025-08-04 14:00:00,AAPL,205.98,206.56,205.98,206.3,14917311,204.51,207.88,201.68,203.35,75109300,207.3,222.97,196.03,203.35,422979564,afternoon_start,0.6,206.56,205.98,0.0,206.56,205.98,0.32,0.27,0.32,0.59,206.56,205.98,0.0,206.56,205.98,0.32,0.27,0.32,0.59,206.56,205.98,0.0,206.56,205.98,0.32,0.27,0.32,0.59
2025-08-04 15:30:00,AAPL,206.19,206.57,205.85,205.85,12197780,204.51,207.88,201.68,203.35,75109300,206.65,219.7,193.17,203.35,303541415,market_close_approach,0.8,206.57,205.85,0.0,206.57,205.85,0.0,0.72,0.0,0.72,206.57,205.85,0.0,206.57,205.85,0.0,0.72,0.0,0.72,206.57,205.85,0.0,206.57,205.85,0.0,0.72,0.0,0.72
2025-08-04 16:00:00,AAPL,205.06,205.17,204.53,204.91,11274432,204.51,207.88,201.68,203.35,75109300,207.23,219.71,186.08,203.35,335412961,market_close,1.0,205.17,204.53,0.0,205.17,204.53,0.38,0.26,0.38,0.64,205.17,204.53,0.0,205.17,204.53,0.38,0.26,0.38,0.64,205.17,204.53,0.0,205.17,204.53,0.38,0.26,0.38,0.64
2025-08-05 09:30:00,AAPL,203.9,204.12,203.83,203.9,7405416,203.4,205.34,202.16,202.92,44155100,198.62,210.01,190.77,202.92,186767425,market_open,0.0,204.12,203.83,0.0,204.12,203.83,0.08,0.21,0.08,0.29,204.12,203.83,0.0,204.12,203.83,0.08,0.21,0.08,0.29,204.12,203.83,0.0,204.12,203.83,0.08,0.21,0.08,0.29
2025-08-05 11:00:00,AAPL,204.19,204.81,203.91,204.42,8678915,203.4,205.34,202.16,202.92,44155100,197.16,217.83,197.17,202.92,225098447,morning_mid,0.2,204.81,203.91,0.0,204.81,203.91,0.51,0.38,0.51,0.9,204.81,203.91,0.0,204.81,203.91,0.51,0.38,0.51,0.9,204.81,203.91,0.0,204.81,203.91,0.51,0.38,0.51,0.9
2025-08-05 12:30:00,AAPL,204.65,205.06,204.64,204.75,8317884,203.4,205.34,202.16,202.92,44155100,200.66,210.8,191.33,202.92,218475442,lunch_time,0.4,205.06,204.64,0.0,205.06,204.64,0.11,0.31,0.11,0.42,205.06,204.64,0.0,205.06,204.64,0.11,0.31,0.11,0.42,205.06,204.64,0.0,205.06,204.64,0.11,0.31,0.11,0.42
2025-08-05 14:00:00,AAPL,204.4,204.65,204.14,204.25,7217063,203.4,205.34,202.16,202.92,44155100,202.86,213.61,187.75,202.92,250819469,afternoon_start,0.6,204.65,204.14,0.0,204.65,204.14,0.11,0.4,0.11,0.51,204.65,204.14,0.0,204.65,204.14,0.11,0.4,0.11,0.51,204.65,204.14,0.0,204.65,204.14,0.11,0.4,0.11,0.51
2025-08-05 15:30:00,AAPL,204.03,204.32,203.23,203.84,8821606,203.4,205.34,202.16,202.92,44155100,202.29,221.09,190.46,202.92,204245499,market_close_approach,0.8,204.32,203.23,0.0,204.32,203.23,0.61,0.49,0.61,1.1,204.32,203.23,0.0,204.32,203.23,0.61,0.49,0.61,1.1,204.32,203.23,0.0,204.32,203.23,0.61,0.49,0.61,1.1
2025-08-05 16:00:00,AAPL,203.78,204.18,203.51,203.53,8125357,203.4,205.34,202.16,202.92,44155100,198.01,214.04,193.61,202.92,208453400,market_close,1.0,204.18,203.51,0.0,204.18,203.51,0.01,0.65,0.01,0.67,204.18,203.51,0.0,204.18,203.51,0.01,0.65,0.01,0.67,204.18,203.51,0.0,204.18,203.51,0.01,0.65,0.01,0.67
2025-08-06 09:30:00,AAPL,212.36,212.36,208.88,212.02,17049291,205.63,215.38,205.59,213.25,108483100,215.86,227.9,195.59,213.25,527921753,market_open,0.0,212.36,208.88,0.0,212.36,208.88,3.14,0.34,3.14,3.48,212.36,208.88,0.0,212.36,208.88,3.14,0.34,3.14,3.48,212.36,208.88,0.0,212.36,208.88,3.14,0.34,3.14,3.48
2025-08-06 11:00:00,AAPL,213.24,213.24,212.32,212.32,18310814,205.63,215.38,205.59,213.25,108483100,202.35,226.4,195.92,213.25,561104019,morning_mid,0.2,213.24,212.32,0.0,213.24,212.32,0.0,0.92,0.0,0.92,213.24,212.32,0.0,213.24,212.32,0.0,0.92,0.0,0.92,213.24,212.32,0.0,213.24,212.32,0.0,0.92,0.0,0.92
2025-08-06 12:30:00,AAPL,212.6,214.56,212.14,213.53,18269096,205.63,215.38,205.59,213.25,108483100,204.92,230.51,192.53,213.25,616085097,lunch_time,0.4,214.56,212.14,0.0,214.56,212.14,1.39,1.04,1.39,2.42,214.56,212.14,0.0,214.56,212.14,1.39,1.04,1.39,2.42,214.56,212.14,0.0,214.56,212.14,1.39,1.04,1.39,2.42
2025-08-06 14:00:00,AAPL,213.2,214.96,213.19,214.96,14934921,205.63,215.38,205.59,213.25,108483100,200.74,220.86,191.86,213.25,592946361,afternoon_start,0.6,214.96,213.19,0.0,214.96,213.19,1.77,0.0,1.77,1.77,214.96,213.19,0.0,214.96,213.19,1.77,0.0,1.77,1.77,214.96,213.19,0.0,214.96,213.19,1.77,0.0,1.77,1.77
2025-08-06 15:30:00,AAPL,211.58,212.84,210.67,212.7,17067570,205.63,215.38,205.59,213.25,108483100,200.39,225.44,195.98,213.25,605798760,market_close_approach,0.8,212.84,210.67,0.0,212.84,210.67,2.03,0.15,2.03,2.17,212.84,210.67,0.0,212.84,210.67,2.03,0.15,2.03,2.17,212.84,210.67,0.0,212.84,210.67,2.03,0.15,2.03,2.17
2025-08-06 16:00:00,AAPL,212.1,212.1,209.99,212.1,17088808,205.63,215.38,205.59,213.25,108483100,204.4,223.98,193.98,213.25,567231014,market_close,1.0,212.1,209.99,0.0,212.1,209.99,2.12,0.0,2.12,2.12,212.1,209.99,0.0,212.1,209.99,2.12,0.0,2.12,2.12,212.1,209.99,0.0,212.1,209.99,2.12,0.0,2.12,2.12
2025-08-07 09:30:00,AAPL,219.08,219.24,218.29,218.75,16781272,218.88,220.85,216.58,220.03,90224800,229.27,236.65,199.3,220.03,404546792,market_open,0.0,219.24,218.29,0.0,219.24,218.29,0.46,0.49,0.46,0.95,219.24,218.29,0.0,219.24,218.29,0.46,0.49,0.46,0.95,219.24,218.29,0.0,219.24,218.29,0.46,0.49,0.46,0.95
2025-08-07 11:00:00,AAPL,219.57,220.0,219.57,220.0,16651126,218.88,220.85,216.58,220.03,90224800,209.06,229.84,202.51,220.03,466611071,morning_mid,0.2,220.0,219.57,0.0,220.0,219.57,0.43,0.0,0.43,0.43,220.0,219.57,0.0,220.0,219.57,0.43,0.0,0.43,0.43,220.0,219.57,0.0,220.0,219.57,0.43,0.0,0.43,0.43
2025-08-07 12:30:00,AAPL,219.72,220.13,219.32,219.84,12660103,218.88,220.85,216.58,220.03,90224800,224.24,233.98,210.42,220.03,480550540,lunch_time,0.4,220.13,219.32,0.0,220.13,219.32,0.52,0.29,0.52,0.81,220.13,219.32,0.0,220.13,219.32,0.52,0.29,0.52,0.81,220.13,219.32,0.0,220.13,219.32,0.52,0.29,0.52,0.81
2025-08-07 14:00:00,AAPL,219.94,220.36,219.61,220.06,12628333,218.88,220.85,216.58,220.03,90224800,221.26,227.27,203.7,220.03,434997302,afternoon_start,0.6,220.36,219.61,0.0,220.36,219.61,0.45,0.3,0.45,0.74,220.36,219.61,0.0,220.36,219.61,0.45,0.3,0.45,0.74,220.36,219.61,0.0,220.36,219.61,0.45,0.3,0.45,0.74
2025-08-07 15:30:00,AAPL,219.06,219.16,218.93,218.93,13912048,218.88,220.85,216.58,220.03,90224800,221.37,226.55,210.9,220.03,479156348,market_close_approach,0.8,219.16,218.93,0.0,219.16,218.93,0.0,0.23,0.0,0.23,219.16,218.93,0.0,219.16,218.93,0.0,0.23,0.0,0.23,219.16,218.93,0.0,219.16,218.93,0.0,0.23,0.0,0.23
2025-08-07 16:00:00,AAPL,218.48,219.55,218.48,218.94,14806399,218.88,220.85,216.58,220.03,90224800,223.47,236.38,209.92,220.03,407674347,market_close,1.0,219.55,218.48,0.0,219.55,218.48,0.46,0.61,0.46,1.08,219.55,218.48,0.0,219.55,218.48,0.46,0.61,0.46,1.08,219.55,218.48,0.0,219.55,218.48,0.46,0.61,0.46,1.08
2025-08-08 09:30:00,AAPL,225.61,227.17,224.44,225.32,18276228,220.83,231.0,219.25,229.35,113854000,220.07,244.42,204.19,229.35,457084157,market_open,0.0,227.17,224.44,0.0,227.17,224.44,0.89,1.84,0.89,2.73,227.17,224.44,0.0,227.17,224.44,0.89,1.84,0.89,2.73,227.17,224.44,0.0,227.17,224.44,0.89,1.84,0.89,2.73
2025-08-08 11:00:00,AAPL,226.44,226.71,225.91,225.91,15342335,220.83,231.0,219.25,229.35,113854000,224.32,236.77,208.07,229.35,497910690,morning_mid,0.2,226.71,225.91,0.0,226.71,225.91,0.0,0.81,0.0,0.81,226.71,225.91,0.0,226.71,225.91,0.0,0.81,0.0,0.81,226.71,225.91,0.0,226.71,225.91,0.0,0.81,0.0,0.81
2025-08-08 12:30:00,AAPL,228.79,229.23,228.09,228.26,20128021,220.83,231.0,219.25,229.35,113854000,231.52,241.23,205.16,229.35,521213457,lunch_time,0.4,229.23,228.09,0.0,229.23,228.09,0.17,0.97,0.17,1.14,229.23,228.09,0.0,229.23,228.09,0.17,0.97,0.17,1.14,229.23,228.09,0.0,229.23,228.09,0.17,0.97,0.17,1.14
2025-08-08 14:00:00,AAPL,228.76,230.57,228.23,229.38,16470558,220.83,231.0,219.25,229.35,113854000,210.91,247.87,212.13,229.35,631011680,afternoon_start,0.6,230.57,228.23,0.0,230.57,228.23,1.14,1.19,1.14,2.34,230.57,228.23,0.0,230.57,228.23,1.14,1.19,1.14,2.34,230.57,228.23,0.0,230.57,228.23,1.14,1.19,1.14,2.34
2025-08-08 15:30:00,AAPL,227.11,228.0,227.11,227.11,19617143,220.83,231.0,219.25,229.35,113854000,213.05,237.87,209.09,229.35,549145386,market_close_approach,0.8,228.0,227.11,0.0,228.0,227.11,0.0,0.89,0.0,0.89,228.0,227.11,0.0,228.0,227.11,0.0,0.89,0.0,0.89,228.0,227.11,0.0,228.0,227.11,0.0,0.89,0.0,0.89
2025-08-08 16:00:00,AAPL,225.06,226.23,225.06,225.67,22434542,220.83,231.0,219.25,229.35,113854000,218.61,237.57,210.19,229.35,637049023,market_close,1.0,226.23,225.06,0.0,226.23,225.06,0.61,0.56,0.61,1.17,226.23,225.06,0.0,226.23,225.06,0.61,0.56,0.61,1.17,226.23,225.06,0.0,226.23,225.06,0.61,0.56,0.61,1.17
2025-08-11 09:30:00,AAPL,226.76,227.61,226.76,226.76,10158679,227.92,229.56,224.76,227.18,61806100,222.13,241.67,212.49,227.18,251260191,market_open,0.0,227.61,226.76,0.0,227.61,226.76,0.0,0.85,0.0,0.85,227.61,226.76,0.0,227.61,226.76,0.0,0.85,0.0,0.85,227.61,226.76,0.0,227.61,226.76,0.0,0.85,0.0,0.85
2025-08-11 11:00:00,AAPL,227.61,228.38,227.34,228.11,10162586,227.92,229.56,224.76,227.18,61806100,238.1,238.18,217.32,227.18,350870273,morning_mid,0.2,228.38,227.34,0.0,228.38,227.34,0.77,0.28,0.77,1.04,228.38,227.34,0.0,228.38,227.34,0.77,0.28,0.77,1.04,228.38,227.34,0.0,228.38,227.34,0.77,0.28,0.77,1.04
2025-08-11 12:30:00,AAPL,228.79,228.85,227.08,228.29,10644454,227.92,229.56,224.76,227.18,61806100,234.35,242.34,209.15,227.18,253907898,lunch_time,0.4,228.85,227.08,0.0,228.85,227.08,1.2,0.56,1.2,1.76,228.85,227.08,0.0,228.85,227.08,1.2,0.56,1.2,1.76,228.85,227.08,0.0,228.85,227.08,1.2,0.56,1.2,1.76
2025-08-11 14:00:00,AAPL,228.72,229.02,228.26,229.02,11280159,227.92,229.56,224.76,227.18,61806100,237.83,247.1,208.04,227.18,343128510,afternoon_start,0.6,229.02,228.26,0.0,229.02,228.26,0.76,0.0,0.76,0.76,229.02,228.26,0.0,229.02,228.26,0.76,0.0,0.76,0.76,229.02,228.26,0.0,229.02,228.26,0.76,0.0,0.76,0.76
2025-08-11 15:30:00,AAPL,228.31,229.01,228.12,228.18,8573055,227.92,229.56,224.76,227.18,61806100,232.48,237.98,209.63,227.18,255587140,market_close_approach,0.8,229.01,228.12,0.0,229.01,228.12,0.06,0.83,0.06,0.89,229.01,228.12,0.0,229.01,228.12,0.06,0.83,0.06,0.89,229.01,228.12,0.0,229.01,228.12,0.06,0.83,0.06,0.89
2025-08-11 16:00:00,AAPL,227.2,227.36,226.72,227.3,11970662,227.92,229.56,224.76,227.18,61806100,222.4,235.86,214.0,227.18,256450092,market_close,1.0,227.36,226.72,0.0,227.36,226.72,0.58,0.06,0.58,0.64,227.36,226.72,0.0,227.36,226.72,0.58,0.06,0.58,0.64,227.36,226.72,0.0,227.36,226.72,0.58,0.06,0.58,0.64
2025-08-12 09:30:00,AAPL,228.6,228.99,228.43,228.97,10181024,228.01,230.8,227.07,229.65,55626200,233.59,242.17,210.06,229.65,238784880,market_open,0.0,228.99,228.43,0.0,228.99,228.43,0.54,0.02,0.54,0.56,228.99,228.43,0.0,228.99,228.43,0.54,0.02,0.54,0.56,228.99,228.43,0.0,228.99,228.43,0.54,0.02,0.54,0.56
2025-08-12 11:00:00,AAPL,229.73,229.92,229.14,229.65,8010025,228.01,230.8,227.07,229.65,55626200,222.4,247.59,213.85,229.65,312454508,morning_mid,0.2,229.92,229.14,0.0,229.92,229.14,0.51,0.27,0.51,0.78,229.92,229.14,0.0,229.92,229.14,0.51,0.27,0.51,0.78,229.92,229.14,0.0,229.92,229.14,0.51,0.27,0.51,0.78
2025-08-12 12:30:00,AAPL,229.78,230.11,229.78,229.78,8853378,228.01,230.8,227.07,229.65,55626200,218.3,238.78,220.14,229.65,272219657,lunch_time,0.4,230.11,229.78,0.0,230.11,229.78,0.0,0.33,0.0,0.33,230.11,229.78,0.0,230.11,229.78,0.0,0.33,0.0,0.33,230.11,229.78,0.0,230.11,229.78,0.0,0.33,0.0,0.33
2025-08-12 14:00:00,AAPL,229.6,229.94,229.59,229.94,10107930,228.01,230.8,227.07,229.65,55626200,219.91,244.1,216.66,229.65,267680021,afternoon_start,0.6,229.94,229.59,0.0,229.94,229.59,0.35,0.0,0.35,0.35,229.94,229.59,0.0,229.94,229.59,0.35,0.0,0.35,0.35,229.94,229.59,0.0,229.94,229.59,0.35,0.0,0.35,0.35
2025-08-12 15:30:00,AAPL,229.41,229.59,229.35,229.35,10411368,228.01,230.8,227.07,229.65,55626200,223.22,248.52,218.99,229.65,301312867,market_close_approach,0.8,229.59,229.35,0.0,229.59,229.35,0.0,0.24,0.0,0.24,229.59,229.35,0.0,229.59,229.35,0.0,0.24,0.0,0.24,229.59,229.35,0.0,229.59,229.35,0.0,0.24,0.0,0.24
2025-08-12 16:00:00,AAPL,228.98,229.23,228.98,229.06,8351079,228.01,230.8,227.07,229.65,55626200,228.14,238.97,221.19,229.65,291487863,market_close,1.0,229.23,228.98,0.0,229.23,228.98,0.09,0.16,0.09,0.25,229.23,228.98,0.0,229.23,228.98,0.09,0.16,0.09,0.25,229.23,228.98,0.0,229.23,228.98,0.09,0.16,0.09,0.25
2025-08-13 09:30:00,AAPL,233.02,233.62,232.55,232.59,11111501,231.07,235.0,230.43,233.33,69878500,235.21,244.29,223.2,233.33,311746688,market_open,0.0,233.62,232.55,0.0,233.62,232.55,0.05,1.03,0.05,1.08,233.62,232.55,0.0,233.62,232.55,0.05,1.03,0.05,1.08,233.62,232.55,0.0,233.62,232.55,0.05,1.03,0.05,1.08
2025-08-13 11:00:00,AAPL,233.68,234.51,233.13,233.77,10074179,231.07,235.0,230.43,233.33,69878500,230.93,241.72,220.16,233.33,373562752,morning_mid,0.2,234.51,233.13,0.0,234.51,233.13,0.64,0.74,0.64,1.38,234.51,233.13,0.0,234.51,233.13,0.64,0.74,0.64,1.38,234.51,233.13,0.0,234.51,233.13,0.64,0.74,0.64,1.38
2025-08-13 12:30:00,AAPL,233.27,234.05,232.9,233.67,13171081,231.07,235.0,230.43,233.33,69878500,241.86,245.49,225.27,233.33,292850669,lunch_time,0.4,234.05,232.9,0.0,234.05,232.9,0.76,0.38,0.76,1.15,234.05,232.9,0.0,234.05,232.9,0.76,0.38,0.76,1.15,234.05,232.9,0.0,234.05,232.9,0.76,0.38,0.76,1.15
2025-08-13 14:00:00,AAPL,233.89,234.51,233.66,233.66,11702614,231.07,235.0,230.43,233.33,69878500,225.51,241.21,223.85,233.33,297349513,afternoon_start,0.6,234.51,233.66,0.0,234.51,233.66,0.0,0.85,0.0,0.85,234.51,233.66,0.0,234.51,233.66,0.0,0.85,0.0,0.85,234.51,233.66,0.0,234.51,233.66,0.0,0.85,0.0,0.85
2025-08-13 15:30:00,AAPL,233.44,234.13,233.44,233.44,13051871,231.07,235.0,230.43,233.33,69878500,236.95,244.42,212.06,233.33,332775374,market_close_approach,0.8,234.13,233.44,0.0,234.13,233.44,0.0,0.69,0.0,0.69,234.13,233.44,0.0,234.13,233.44,0.0,0.69,0.0,0.69,234.13,233.44,0.0,234.13,233.44,0.0,0.69,0.0,0.69
2025-08-13 16:00:00,AAPL,232.28,232.79,231.99,232.79,12042303,231.07,235.0,230.43,233.33,69878500,238.35,245.57,212.53,233.33,380958345,market_close,1.0,232.79,231.99,0.0,232.79,231.99,0.8,0.0,0.8,0.8,232.79,231.99,0.0,232.79,231.99,0.8,0.0,0.8,0.8,232.79,231.99,0.0,232.79,231.99,0.8,0.0,0.8,0.8
2025-08-14 09:30:00,AAPL,233.17,233.17,232.53,232.92,9643459,234.06,235.12,230.85,232.78,51916300,238.16,243.84,224.8,232.78,230268909,market_open,0.0,233.17,232.53,0.0,233.17,232.53,0.39,0.25,0.39,0.64,233.17,232.53,0.0,233.17,232.53,0.39,0.25,0.39,0.64,233.17,232.53,0.0,233.17,232.53,0.39,0.25,0.39,0.64
2025-08-14 11:00:00,AAPL,233.91,234.23,233.76,233.97,9134411,234.06,235.12,230.85,232.78,51916300,235.55,239.98,214.44,232.78,310002825,morning_mid,0.2,234.23,233.76,0.0,234.23,233.76,0.21,0.26,0.21,0.47,234.23,233.76,0.0,234.23,233.76,0.21,0.26,0.21,0.47,234.23,233.76,0.0,234.23,233.76,0.21,0.26,0.21,0.47
2025-08-14 12:30:00,AAPL,234.3,234.3,233.48,234.13,10050773,234.06,235.12,230.85,232.78,51916300,222.44,251.96,220.7,232.78,307259618,lunch_time,0.4,234.3,233.48,0.0,234.3,233.48,0.65,0.18,0.65,0.83,234.3,233.48,0.0,234.3,233.48,0.65,0.18,0.65,0.83,234.3,233.48,0.0,234.3,233.48,0.65,0.18,0.65,0.83
2025-08-14 14:00:00,AAPL,233.93,234.85,233.04,233.52,9554840,234.06,235.12,230.85,232.78,51916300,240.97,251.78,215.87,232.78,275427067,afternoon_start,0.6,234.85,233.04,0.0,234.85,233.04,0.47,1.33,0.47,1.8,234.85,233.04,0.0,234.85,233.04,0.47,1.33,0.47,1.8,234.85,233.04,0.0,234.85,233.04,0.47,1.33,0.47,1.8
2025-08-14 15:30:00,AAPL,233.64,233.73,232.37,233.73,9100677,234.06,235.12,230.85,232.78,51916300,235.14,248.72,222.99,232.78,299373515,market_close_approach,0.8,233.73,232.37,0.0,233.73,232.37,1.36,0.0,1.36,1.36,233.73,232.37,0.0,233.73,232.37,1.36,0.0,1.36,1.36,233.73,232.37,0.0,233.73,232.37,1.36,0.0,1.36,1.36
2025-08-14 16:00:00,AAPL,232.86,233.91,232.86,233.42,9160538,234.06,235.12,230.85,232.78,51916300,234.33,241.7,221.89,232.78,299749126,market_close,1.0,233.91,232.86,0.0,233.91,232.86,0.56,0.49,0.56,1.05,233.91,232.86,0.0,233.91,232.86,0.56,0.49,0.56,1.05,233.91,232.86,0.0,233.91,232.86,0.56,0.49,0.56,1.05
2025-08-15 09:30:00,AAPL,231.63,231.81,230.45,231.81,9523706,234.0,234.28,229.34,231.59,56038700,229.08,249.86,214.62,231.59,240138759,market_open,0.0,231.81,230.45,0.0,231.81,230.45,1.36,0.0,1.36,1.36,231.81,230.45,0.0,231.81,230.45,1.36,0.0,1.36,1.36,231.81,230.45,0.0,231.81,230.45,1.36,0.0,1.36,1.36
2025-08-15 11:00:00,AAPL,232.78,233.08,232.52,232.52,8364846,234.0,234.28,229.34,231.59,56038700,240.69,252.8,216.65,231.59,258767033,morning_mid,0.2,233.08,232.52,0.0,233.08,232.52,0.0,0.57,0.0,0.57,233.08,232.52,0.0,233.08,232.52,0.0,0.57,0.0,0.57,233.08,232.52,0.0,233.08,232.52,0.0,0.57,0.0,0.57
2025-08-15 12:30:00,AAPL,232.45,233.38,231.75,231.92,9745522,234.0,234.28,229.34,231.59,56038700,238.22,252.56,220.85,231.59,280173030,lunch_time,0.4,233.38,231.75,0.0,233.38,231.75,0.16,1.46,0.16,1.63,233.38,231.75,0.0,233.38,231.75,0.16,1.46,0.16,1.63,233.38,231.75,0.0,233.38,231.75,0.16,1.46,0.16,1.63
2025-08-15 14:00:00,AAPL,233.33,233.82,233.0,233.05,10600391,234.0,234.28,229.34,231.59,56038700,227.82,251.87,212.53,231.59,260093997,afternoon_start,0.6,233.82,233.0,0.0,233.82,233.0,0.05,0.77,0.05,0.82,233.82,233.0,0.0,233.82,233.0,0.05,0.77,0.05,0.82,233.82,233.0,0.0,233.82,233.0,0.05,0.77,0.05,0.82
2025-08-15 15:30:00,AAPL,232.32,232.9,232.19,232.83,10135882,234.0,234.28,229.34,231.59,56038700,228.25,246.83,221.33,231.59,294595936,market_close_approach,0.8,232.9,232.19,0.0,232.9,232.19,0.64,0.07,0.64,0.71,232.9,232.19,0.0,232.9,232.19,0.64,0.07,0.64,0.71,232.9,232.19,0.0,232.9,232.19,0.64,0.07,0.64,0.71
2025-08-15 16:00:00,AAPL,231.98,232.15,231.71,232.13,8510615,234.0,234.28,229.34,231.59,56038700,242.88,247.55,216.2,231.59,267741099,market_close,1.0,232.15,231.71,0.0,232.15,231.71,0.42,0.02,0.42,0.43,232.15,231.71,0.0,232.15,231.71,0.42,0.02,0.42,0.43,232.15,231.71,0.0,232.15,231.71,0.42,0.02,0.42,0.43
2025-08-18 09:30:00,AAPL,231.69,231.87,230.64,231.75,5400969,231.7,233.12,230.11,230.89,37476200,232.73,247.36,213.39,230.89,164520046,market_open,0.0,231.87,230.64,0.0,231.87,230.64,1.11,0.11,1.11,1.22,231.87,230.64,0.0,231.87,230.64,1.11,0.11,1.11,1.22,231.87,230.64,0.0,231.87,230.64,1.11,0.11,1.11,1.22
2025-08-18 11:00:00,AAPL,231.77,232.04,231.62,231.62,6461443,231.7,233.12,230.11,230.89,37476200,234.23,247.87,213.19,230.89,150578035,morning_mid,0.2,232.04,231.62,0.0,232.04,231.62,0.0,0.42,0.0,0.42,232.04,231.62,0.0,232.04,231.62,0.0,0.42,0.0,0.42,232.04,231.62,0.0,232.04,231.62,0.0,0.42,0.0,0.42
2025-08-18 12:30:00,AAPL,232.65,232.7,232.42,232.7,5070972,231.7,233.12,230.11,230.89,37476200,236.8,243.82,222.66,230.89,202152013,lunch_time,0.4,232.7,232.42,0.0,232.7,232.42,0.28,0.0,0.28,0.28,232.7,232.42,0.0,232.7,232.42,0.28,0.0,0.28,0.28,232.7,232.42,0.0,232.7,232.42,0.28,0.0,0.28,0.28
2025-08-18 14:00:00,AAPL,232.43,232.43,232.02,232.43,5238524,231.7,233.12,230.11,230.89,37476200,235.29,242.36,213.61,230.89,181065777,afternoon_start,0.6,232.43,232.02,0.0,232.43,232.02,0.41,0.0,0.41,0.41,232.43,232.02,0.0,232.43,232.02,0.41,0.0,0.41,0.41,232.43,232.02,0.0,232.43,232.02,0.41,0.0,0.41,0.41
2025-08-18 15:30:00,AAPL,232.32,232.67,232.21,232.21,7468555,231.7,233.12,230.11,230.89,37476200,226.86,240.09,225.42,230.89,193042415,market_close_approach,0.8,232.67,232.21,0.0,232.67,232.21,0.0,0.46,0.0,0.46,232.67,232.21,0.0,232.67,232.21,0.0,0.46,0.0,0.46,232.67,232.21,0.0,232.67,232.21,0.0,0.46,0.0,0.46
2025-08-18 16:00:00,AAPL,231.45,232.33,231.32,231.32,7070575,231.7,233.12,230.11,230.89,37476200,239.01,250.93,219.16,230.89,198586947,market_close,1.0,232.33,231.32,0.0,232.33,231.32,0.0,1.01,0.0,1.01,232.33,231.32,0.0,232.33,231.32,0.0,1.01,0.0,1.01,232.33,231.32,0.0,232.33,231.32,0.0,1.01,0.0,1.01
2025-08-19 09:30:00,AAPL,231.3,231.86,231.16,231.3,7067350,231.28,232.87,229.35,230.56,39402600,234.71,249.95,221.83,230.56,219580124,market_open,0.0,231.86,231.16,0.0,231.86,231.16,0.14,0.56,0.14,0.69,231.86,231.16,0.0,231.86,231.16,0.14,0.56,0.14,0.69,231.86,231.16,0.0,231.86,231.16,0.14,0.56,0.14,0.69
2025-08-19 11:00:00,AAPL,231.91,232.6,231.63,231.97,6173514,231.28,232.87,229.35,230.56,39402600,242.13,246.44,221.27,230.56,207436908,morning_mid,0.2,232.6,231.63,0.0,232.6,231.63,0.33,0.64,0.33,0.97,232.6,231.63,0.0,232.6,231.63,0.33,0.64,0.33,0.97,232.6,231.63,0.0,232.6,231.63,0.33,0.64,0.33,0.97
2025-08-19 12:30:00,AAPL,232.18,232.46,231.81,232.46,7694350,231.28,232.87,229.35,230.56,39402600,236.1,248.85,218.44,230.56,229708141,lunch_time,0.4,232.46,231.81,0.0,232.46,231.81,0.64,0.0,0.64,0.64,232.46,231.81,0.0,232.46,231.81,0.64,0.0,0.64,0.64,232.46,231.81,0.0,232.46,231.81,0.64,0.0,0.64,0.64
2025-08-19 14:00:00,AAPL,232.09,232.13,231.19,231.79,7449023,231.28,232.87,229.35,230.56,39402600,232.61,239.01,221.15,230.56,158764661,afternoon_start,0.6,232.13,231.19,0.0,232.13,231.19,0.6,0.34,0.6,0.94,232.13,231.19,0.0,232.13,231.19,0.6,0.34,0.6,0.94,232.13,231.19,0.0,232.13,231.19,0.6,0.34,0.6,0.94
2025-08-19 15:30:00,AAPL,232.04,232.04,231.64,231.64,7570950,231.28,232.87,229.35,230.56,39402600,225.02,243.55,220.39,230.56,211347943,market_close_approach,0.8,232.04,231.64,0.0,232.04,231.64,0.0,0.39,0.0,0.39,232.04,231.64,0.0,232.04,231.64,0.0,0.39,0.0,0.39,232.04,231.64,0.0,232.04,231.64,0.0,0.39,0.0,0.39
2025-08-19 16:00:00,AAPL,231.35,231.74,231.35,231.35,5555195,231.28,232.87,229.35,230.56,39402600,230.16,239.04,224.74,230.56,161494829,market_close,1.0,231.74,231.35,0.0,231.74,231.35,0.0,0.38,0.0,0.38,231.74,231.35,0.0,231.74,231.35,0.0,0.38,0.0,0.38,231.74,231.35,0.0,231.74,231.35,0.0,0.38,0.0,0.38
2025-08-20 09:30:00,AAPL,228.31,228.63,228.2,228.2,7886997,229.98,230.47,225.77,226.01,42263900,222.96,243.86,208.79,226.01,194284324,market_open,0.0,228.63,228.2,0.0,228.63,228.2,0.0,0.43,0.0,0.43,228.63,228.2,0.0,228.63,228.2,0.0,0.43,0.0,0.43,228.63,228.2,0.0,228.63,228.2,0.0,0.43,0.0,0.43
2025-08-20 11:00:00,AAPL,229.57,229.88,229.29,229.29,8335532,229.98,230.47,225.77,226.01,42263900,219.46,243.92,213.43,226.01,189166519,morning_mid,0.2,229.88,229.29,0.0,229.88,229.29,0.0,0.59,0.0,0.59,229.88,229.29,0.0,229.88,229.29,0.0,0.59,0.0,0.59,229.88,229.29,0.0,229.88,229.29,0.0,0.59,0.0,0.59
2025-08-20 12:30:00,AAPL,229.09,229.71,229.0,229.71,7529015,229.98,230.47,225.77,226.01,42263900,225.65,248.43,211.11,226.01,188949249,lunch_time,0.4,229.71,229.0,0.0,229.71,229.0,0.72,0.0,0.72,0.72,229.71,229.0,0.0,229.71,229.0,0.72,0.0,0.72,0.72,229.71,229.0,0.0,229.71,229.0,0.72,0.0,0.72,0.72
2025-08-20 14:00:00,AAPL,229.47,229.72,228.55,229.72,6831659,229.98,230.47,225.77,226.01,42263900,236.55,237.78,207.81,226.01,191695600,afternoon_start,0.6,229.72,228.55,0.0,229.72,228.55,1.17,0.0,1.17,1.17,229.72,228.55,0.0,229.72,228.55,1.17,0.0,1.17,1.17,229.72,228.55,0.0,229.72,228.55,1.17,0.0,1.17,1.17
2025-08-20 15:30:00,AAPL,228.47,228.95,228.44,228.44,8396505,229.98,230.47,225.77,226.01,42263900,238.72,235.78,209.66,226.01,197770979,market_close_approach,0.8,228.95,228.44,0.0,228.95,228.44,0.0,0.51,0.0,0.51,228.95,228.44,0.0,228.95,228.44,0.0,0.51,0.0,0.51,228.95,228.44,0.0,228.95,228.44,0.0,0.51,0.0,0.51
2025-08-20 16:00:00,AAPL,227.97,227.97,227.71,227.97,8329650,229.98,230.47,225.77,226.01,42263900,239.1,241.74,209.6,226.01,207939263,market_close,1.0,227.97,227.71,0.0,227.97,227.71,0.26,0.0,0.26,0.26,227.97,227.71,0.0,227.97,227.71,0.26,0.0,0.26,0.26,227.97,227.71,0.0,227.97,227.71,0.26,0.0,0.26,0.26
2025-08-21 09:30:00,AAPL,225.08,225.74,224.94,225.08,6031316,226.27,226.52,223.78,224.9,30621200,225.57,232.41,207.25,224.9,167768088,market_open,0.0,225.74,224.94,0.0,225.74,224.94,0.14,0.66,0.14,0.8,225.74,224.94,0.0,225.74,224.94,0.14,0.66,0.14,0.8,225.74,224.94,0.0,225.74,224.94,0.14,0.66,0.14,0.8
2025-08-21 11:00:00,AAPL,225.66,225.76,225.33,225.46,5390665,226.27,226.52,223.78,224.9,30621200,219.93,234.35,213.5,224.9,160674296,morning_mid,0.2,225.76,225.33,0.0,225.76,225.33,0.14,0.3,0.14,0.44,225.76,225.33,0.0,225.76,225.33,0.14,0.3,0.14,0.44,225.76,225.33,0.0,225.76,225.33,0.14,0.3,0.14,0.44
2025-08-21 12:30:00,AAPL,225.85,226.31,225.58,225.68,5515212,226.27,226.52,223.78,224.9,30621200,237.07,243.89,216.21,224.9,173820556,lunch_time,0.4,226.31,225.58,0.0,226.31,225.58,0.1,0.63,0.1,0.73,226.31,225.58,0.0,226.31,225.58,0.1,0.63,0.1,0.73,226.31,225.58,0.0,226.31,225.58,0.1,0.63,0.1,0.73
2025-08-21 14:00:00,AAPL,225.87,226.04,225.8,226.04,5426975,226.27,226.52,223.78,224.9,30621200,222.29,236.18,212.09,224.9,131249030,afternoon_start,0.6,226.04,225.8,0.0,226.04,225.8,0.23,0.0,0.23,0.23,226.04,225.8,0.0,226.04,225.8,0.23,0.0,0.23,0.23,226.04,225.8,0.0,226.04,225.8,0.23,0.0,0.23,0.23
2025-08-21 15:30:00,AAPL,225.93,225.93,225.39,225.92,4756015,226.27,226.52,223.78,224.9,30621200,222.65,241.43,210.16,224.9,164695410,market_close_approach,0.8,225.93,225.39,0.0,225.93,225.39,0.53,0.01,0.53,0.54,225.93,225.39,0.0,225.93,225.39,0.53,0.01,0.53,0.54,225.93,225.39,0.0,225.93,225.39,0.53,0.01,0.53,0.54
2025-08-21 16:00:00,AAPL,225.16,225.3,225.01,225.01,4145034,226.27,226.52,223.78,224.9,30621200,217.51,236.51,214.12,224.9,183141777,market_close,1.0,225.3,225.01,0.0,225.3,225.01,0.0,0.29,0.0,0.29,225.3,225.01,0.0,225.3,225.01,0.0,0.29,0.0,0.29,225.3,225.01,0.0,225.3,225.01,0.0,0.29,0.0,0.29
2025-08-22 09:30:00,AAPL,227.54,227.72,227.05,227.55,6347573,226.17,229.09,225.41,227.76,42477800,223.31,237.46,217.37,227.76,222252905,market_open,0.0,227.72,227.05,0.0,227.72,227.05,0.5,0.17,0.5,0.67,227.72,227.05,0.0,227.72,227.05,0.5,0.17,0.5,0.67,227.72,227.05,0.0,227.72,227.05,0.5,0.17,0.5,0.67
2025-08-22 11:00:00,AAPL,227.55,227.96,227.43,227.77,6035151,226.17,229.09,225.41,227.76,42477800,226.76,246.28,218.81,227.76,177449838,morning_mid,0.2,227.96,227.43,0.0,227.96,227.43,0.34,0.19,0.34,0.53,227.96,227.43,0.0,227.96,227.43,0.34,0.19,0.34,0.53,227.96,227.43,0.0,227.96,227.43,0.34,0.19,0.34,0.53
2025-08-22 12:30:00,AAPL,227.87,228.29,227.87,227.87,7915366,226.17,229.09,225.41,227.76,42477800,215.94,243.72,211.82,227.76,210097922,lunch_time,0.4,228.29,227.87,0.0,228.29,227.87,0.0,0.42,0.0,0.42,228.29,227.87,0.0,228.29,227.87,0.0,0.42,0.0,0.42,228.29,227.87,0.0,228.29,227.87,0.0,0.42,0.0,0.42
2025-08-22 14:00:00,AAPL,228.52,229.09,228.25,228.55,7647183,226.17,229.09,225.41,227.76,42477800,215.63,244.34,217.75,227.76,184013124,afternoon_start,0.6,229.09,228.25,0.0,229.09,228.25,0.3,0.54,0.3,0.84,229.09,228.25,0.0,229.09,228.25,0.3,0.54,0.3,0.84,229.09,228.25,0.0,229.09,228.25,0.3,0.54,0.3,0.84
2025-08-22 15:30:00,AAPL,227.85,228.21,227.46,227.46,5958110,226.17,229.09,225.41,227.76,42477800,230.36,244.46,218.78,227.76,251875284,market_close_approach,0.8,228.21,227.46,0.0,228.21,227.46,0.0,0.75,0.0,0.75,228.21,227.46,0.0,228.21,227.46,0.0,0.75,0.0,0.75,228.21,227.46,0.0,228.21,227.46,0.0,0.75,0.0,0.75
2025-08-22 16:00:00,AAPL,227.2,227.51,227.1,227.1,5684780,226.17,229.09,225.41,227.76,42477800,233.55,236.52,217.1,227.76,189481149,market_close,1.0,227.51,227.1,0.0,227.51,227.1,0.0,0.41,0.0,0.41,227.51,227.1,0.0,227.51,227.1,0.0,0.41,0.0,0.41,227.51,227.1,0.0,227.51,227.1,0.0,0.41,0.0,0.41
2025-08-25 09:30:00,AAPL,227.67,227.93,227.46,227.64,4213035,226.48,229.3,226.23,227.16,30983100,226.93,243.83,212.96,227.16,158639110,market_open,0.0,227.93,227.46,0.0,227.93,227.46,0.17,0.29,0.17,0.47,227.93,227.46,0.0,227.93,227.46,0.17,0.29,0.17,0.47,227.93,227.46,0.0,227.93,227.46,0.17,0.29,0.17,0.47
2025-08-25 11:00:00,AAPL,228.22,228.59,228.22,228.22,4140923,226.48,229.3,226.23,227.16,30983100,219.25,247.57,211.37,227.16,162202932,morning_mid,0.2,228.59,228.22,0.0,228.59,228.22,0.0,0.36,0.0,0.36,228.59,228.22,0.0,228.59,228.22,0.0,0.36,0.0,0.36,228.59,228.22,0.0,228.59,228.22,0.0,0.36,0.0,0.36
2025-08-25 12:30:00,AAPL,228.4,228.71,228.4,228.4,5687664,226.48,229.3,226.23,227.16,30983100,234.22,241.25,214.75,227.16,183282925,lunch_time,0.4,228.71,228.4,0.0,228.71,228.4,0.0,0.31,0.0,0.31,228.71,228.4,0.0,228.71,228.4,0.0,0.31,0.0,0.31,228.71,228.4,0.0,228.71,228.4,0.0,0.31,0.0,0.31
2025-08-25 14:00:00,AAPL,228.91,229.15,228.21,228.79,4472680,226.48,229.3,226.23,227.16,30983100,220.94,243.21,219.61,227.16,182791659,afternoon_start,0.6,229.15,228.21,0.0,229.15,228.21,0.58,0.36,0.58,0.94,229.15,228.21,0.0,229.15,228.21,0.58,0.36,0.58,0.94,229.15,228.21,0.0,229.15,228.21,0.58,0.36,0.58,0.94
2025-08-25 15:30:00,AAPL,228.18,228.44,228.07,228.07,5401755,226.48,229.3,226.23,227.16,30983100,221.4,235.34,218.46,227.16,126850454,market_close_approach,0.8,228.44,228.07,0.0,228.44,228.07,0.0,0.37,0.0,0.37,228.44,228.07,0.0,228.44,228.07,0.0,0.37,0.0,0.37,228.44,228.07,0.0,228.44,228.07,0.0,0.37,0.0,0.37
2025-08-25 16:00:00,AAPL,227.75,228.49,227.67,227.71,5165072,226.48,229.3,226.23,227.16,30983100,217.8,244.43,213.16,227.16,150432382,market_close,1.0,228.49,227.67,0.0,228.49,227.67,0.04,0.78,0.04,0.82,228.49,227.67,0.0,228.49,227.67,0.04,0.78,0.04,0.82,228.49,227.67,0.0,228.49,227.67,0.04,0.78,0.04,0.82
2025-08-26 09:30:00,AAPL,226.24,227.29,226.14,226.47,10209285,226.87,229.49,224.69,229.31,54575100,219.34,244.91,211.62,229.31,278810569,market_open,0.0,227.29,226.14,0.0,227.29,226.14,0.33,0.82,0.33,1.15,227.29,226.14,0.0,227.29,226.14,0.33,0.82,0.33,1.15,227.29,226.14,0.0,227.29,226.14,0.33,0.82,0.33,1.15
2025-08-26 11:00:00,AAPL,228.3,228.46,227.94,228.46,9949681,226.87,229.49,224.69,229.31,54575100,226.47,234.15,218.69,229.31,240146156,morning_mid,0.2,228.46,227.94,0.0,228.46,227.94,0.53,0.0,0.53,0.53,228.46,227.94,0.0,228.46,227.94,0.53,0.0,0.53,0.53,228.46,227.94,0.0,228.46,227.94,0.53,0.0,0.53,0.53
2025-08-26 12:30:00,AAPL,228.48,229.26,228.39,228.39,7389993,226.87,229.49,224.69,229.31,54575100,224.88,240.14,215.55,229.31,220271726,lunch_time,0.4,229.26,228.39,0.0,229.26,228.39,0.0,0.87,0.0,0.87,229.26,228.39,0.0,229.26,228.39,0.0,0.87,0.0,0.87,229.26,228.39,0.0,229.26,228.39,0.0,0.87,0.0,0.87
2025-08-26 14:00:00,AAPL,227.84,228.26,227.24,227.75,9549266,226.87,229.49,224.69,229.31,54575100,224.24,243.19,219.19,229.31,247473438,afternoon_start,0.6,228.26,227.24,0.0,228.26,227.24,0.51,0.51,0.51,1.02,228.26,227.24,0.0,228.26,227.24,0.51,0.51,0.51,1.02,228.26,227.24,0.0,228.26,227.24,0.51,0.51,0.51,1.02
2025-08-26 15:30:00,AAPL,227.22,227.83,226.89,227.22,8273027,226.87,229.49,224.69,229.31,54575100,226.04,239.44,213.85,229.31,267043233,market_close_approach,0.8,227.83,226.89,0.0,227.83,226.89,0.33,0.6,0.33,0.94,227.83,226.89,0.0,227.83,226.89,0.33,0.6,0.33,0.94,227.83,226.89,0.0,227.83,226.89,0.33,0.6,0.33,0.94
2025-08-26 16:00:00,AAPL,227.18,228.48,226.82,227.89,9548698,226.87,229.49,224.69,229.31,54575100,223.3,244.51,213.59,229.31,318609585,market_close,1.0,228.48,226.82,0.0,228.48,226.82,1.07,0.59,1.07,1.66,228.48,226.82,0.0,228.48,226.82,1.07,0.59,1.07,1.66,228.48,226.82,0.0,228.48,226.82,1.07,0.59,1.07,1.66
2025-08-27 09:30:00,AAPL,229.28,229.66,229.28,229.41,4951276,228.58,230.9,228.3,230.49,30134069,236.16,244.02,219.19,230.49,172066795,market_open,0.0,229.66,229.28,0.0,229.66,229.28,0.13,0.25,0.13,0.38,229.66,229.28,0.0,229.66,229.28,0.13,0.25,0.13,0.38,229.66,229.28,0.0,229.66,229.28,0.13,0.25,0.13,0.38
2025-08-27 11:00:00,AAPL,229.89,230.41,229.89,230.04,4739692,228.58,230.9,228.3,230.49,30134069,229.62,240.09,221.01,230.49,165777200,morning_mid,0.2,230.41,229.89,0.0,230.41,229.89,0.15,0.36,0.15,0.52,230.41,229.89,0.0,230.41,229.89,0.15,0.36,0.15,0.52,230.41,229.89,0.0,230.41,229.89,0.15,0.36,0.15,0.52
2025-08-27 12:30:00,AAPL,230.44,230.52,230.36,230.52,4567867,228.58,230.9,228.3,230.49,30134069,218.17,236.21,218.34,230.49,137439090,lunch_time,0.4,230.52,230.36,0.0,230.52,230.36,0.16,0.0,0.16,0.16,230.52,230.36,0.0,230.52,230.36,0.16,0.0,0.16,0.16,230.52,230.36,0.0,230.52,230.36,0.16,0.0,0.16,0.16
2025-08-27 14:00:00,AAPL,230.26,230.9,230.13,230.3,5672763,228.58,230.9,228.3,230.49,30134069,225.51,235.81,215.95,230.49,173309328,afternoon_start,0.6,230.9,230.13,0.0,230.9,230.13,0.17,0.6,0.17,0.77,230.9,230.13,0.0,230.9,230.13,0.17,0.6,0.17,0.77,230.9,230.13,0.0,230.9,230.13,0.17,0.6,0.17,0.77
2025-08-27 15:30:00,AAPL,229.94,229.98,229.48,229.89,4130216,228.58,230.9,228.3,230.49,30134069,231.68,236.75,211.26,230.49,136982591,market_close_approach,0.8,229.98,229.48,0.0,229.98,229.48,0.4,0.1,0.4,0.5,229.98,229.48,0.0,229.98,229.48,0.4,0.1,0.4,0.5,229.98,229.48,0.0,229.98,229.48,0.4,0.1,0.4,0.5
2025-08-27 16:00:00,AAPL,229.69,230.07,229.61,229.67,4600042,228.58,230.9,228.3,230.49,30134069,220.04,244.13,211.74,230.49,166580593,market_close,1.0,230.07,229.61,0.0,230.07,229.61,0.06,0.4,0.06,0.46,230.07,229.61,0.0,230.07,229.61,0.06,0.4,0.06,0.46,230.07,229.61,0.0,230.07,229.61,0.06,0.4,0.06,0.46
